ID,QUESTION_INDEX,ANS_ORDER,ANS_NOTE
4887,A01,14,
4887,A02,2,
4887,A04,4,
4887,A05,3,
4887,A08,1,
4887,A08,5,
4887,A09,3,
4887,A09,8,
4887,A10,3,
4887,A11,2,
4887,A12,1,
4887,A14,4,
4887,B01,3,
4887,B02,4,
4887,B03,4,
4887,B04,3,
4887,B05,3,
4887,B06,2,
4887,B07,2,
12582,A01,21,
12582,A02,7,家管
12582,A04,3,
12582,A05,2,1
12582,A08,1,
12582,A09,9,先生收入
12582,A10,2,
12582,A11,1,
12582,A12,1,
12582,A14,4,
12582,B01,5,
12582,B02,1,
12582,B03,5,
12582,B04,3,
12582,B05,4,
12582,B06,2,
12582,B07,1,
14784,A01,8,
14784,A02,7,退休
14784,A04,2,
14784,A05,2,2女1男
14784,A08,6,
14784,A09,2,
14784,A10,2,
14784,A11,1,
14784,A12,1,
14784,A14,4,
14784,B01,4,
14784,B02,1,
14784,B03,1,
14784,B04,2,
14784,B05,3,
14784,B06,3,
14784,B07,3,
17176,A01,3,
17176,A02,1,
17176,A04,4,
17176,A05,2,1位
17176,A08,3,
17176,A09,1,
17176,A09,3,
17176,A10,2,
17176,A11,1,
17176,A12,1,
17176,A14,4,
17176,B01,3,
17176,B02,1,
17176,B02,3,
17176,B03,3,
17176,B04,3,
17176,B05,4,
17176,B06,3,
17176,B07,1,
23028,A01,5,
23028,A02,1,
23028,A04,3,
23028,A05,2,3
23028,A08,3,
23028,A09,1,
23028,A10,3,
23028,A11,2,
23028,A12,1,
23028,A14,4,
23028,B01,3,
23028,B02,1,
23028,B03,5,
23028,B04,3,
23028,B05,3,
23028,B06,4,
23028,B07,1,
29615,A01,8,
29615,A02,4,
29615,A04,4,
29615,A05,2,1
29615,A08,3,
29615,A09,2,
29615,A10,1,
29615,A11,1,
29615,A12,1,
29615,A14,1,
29615,B01,2,
29615,B02,1,
29615,B03,3,
29615,B04,4,
29615,B05,3,
29615,B06,3,
29615,B07,3,
49851,A01,5,
49851,A02,7,倉管
49851,A04,2,
49851,A05,2,2
49851,A08,4,
49851,A09,1,
49851,A10,1,
49851,A11,1,
49851,A12,1,
49851,A14,4,
49851,B01,4,
49851,B02,1,
49851,B03,1,
49851,B04,5,
49851,B05,3,
49851,B06,2,
49851,B07,2,
50297,A01,4,
50297,A02,4,
50297,A04,4,
50297,A05,2,2
50297,A08,5,
50297,A09,1,
50297,A10,3,
50297,A11,2,
50297,A12,1,
50297,A14,4,
50297,B01,5,
50297,B02,1,
50297,B03,3,
50297,B04,3,
50297,B05,3,
50297,B06,3,
50297,B07,2,
55643,A01,5,
55643,A02,1,
55643,A04,4,
55643,A05,3,
55643,A08,1,
55643,A08,2,
55643,A08,5,
55643,A09,1,
55643,A09,3,
55643,A10,2,
55643,A11,1,
55643,A12,1,
55643,A14,4,
55643,B01,4,
55643,B02,1,
55643,B02,3,
55643,B03,3,
55643,B03,4,
55643,B04,2,
55643,B05,4,
55643,B06,2,
55643,B07,2,
70185,A01,21,
70185,A02,7,家管
70185,A04,2,
70185,A05,2,2
70185,A08,6,
70185,A09,1,
70185,A10,2,
70185,A11,2,
70185,A12,1,
70185,A14,4,
70185,B01,4,
70185,B02,1,
70185,B03,3,
70185,B04,1,
70185,B05,3,
70185,B06,2,
70185,B07,1,
74854,A01,5,
74854,A02,1,
74854,A04,4,
74854,A05,1,0
74854,A08,1,
74854,A08,3,
74854,A09,1,
74854,A10,1,
74854,A11,1,
74854,A12,1,
74854,A14,3,
74854,B01,4,
74854,B02,1,
74854,B02,4,
74854,B03,3,
74854,B03,4,
74854,B04,2,
74854,B05,3,
74854,B06,2,
74854,B07,2,
84725,A01,4,
84725,A01,12,
84725,A02,3,
84725,A02,3,
84725,A04,1,
84725,A04,1,
84725,A05,2,2
84725,A05,2,2
84725,A08,3,
84725,A08,5,
84725,A08,2,
84725,A08,3,
84725,A08,5,
84725,A09,1,
84725,A09,3,
84725,A09,1,
84725,A09,3,
84725,A10,2,
84725,A10,2,
84725,A11,1,
84725,A11,1,
84725,A12,1,
84725,A12,1,
84725,A14,2,
84725,A14,2,
84725,B01,3,
84725,B01,3,
84725,B02,1,
84725,B02,4,
84725,B02,1,
84725,B02,4,
84725,B03,4,
84725,B03,4,
84725,B03,5,
84725,B04,3,
84725,B04,3,
84725,B05,3,
84725,B05,3,
84725,B06,2,
84725,B06,2,
84725,B07,1,
84725,B07,1,
89366,A01,21,
89366,A02,7,無
89366,A04,2,
89366,A05,2,2
89366,A08,1,
89366,A08,4,
89366,A09,2,
89366,A10,2,
89366,A11,2,
89366,A12,1,
89366,A14,4,
89366,B01,4,
89366,B02,1,
89366,B02,4,
89366,B03,4,
89366,B04,2,
89366,B05,3,
89366,B06,2,
89366,B07,2,
90651,A01,7,
90651,A02,7,學生
90651,A04,4,
90651,A05,3,
90651,A08,1,
90651,A08,5,
90651,A09,3,
90651,A10,1,
90651,A11,1,
90651,A12,1,
90651,A14,4,
90651,B01,5,
90651,B02,1,
90651,B02,2,
90651,B03,1,
90651,B03,3,
90651,B04,2,
90651,B05,3,
90651,B06,3,
90651,B07,3,
98049,A01,2,
98049,A02,1,
98049,A04,2,
98049,A05,2,2位
98049,A08,1,
98049,A09,1,
98049,A10,2,
98049,A11,1,
98049,A12,1,
98049,A14,4,
98049,B01,4,
98049,B02,1,
98049,B03,2,
98049,B04,3,
98049,B05,3,
98049,B06,3,
98049,B07,3,
100657,A01,1,
100657,A02,4,
100657,A04,5,
100657,A05,1,1
100657,A08,1,
100657,A09,1,
100657,A10,2,
100657,A11,2,
100657,A12,1,
100657,A14,4,
100657,B01,4,
100657,B02,1,
100657,B03,1,
100657,B04,2,
100657,B05,3,
100657,B06,2,
100657,B07,1,
105619,A01,6,
105619,A02,3,
105619,A04,4,
105619,A05,2,2
105619,A08,3,
105619,A08,4,
105619,A09,1,
105619,A10,2,
105619,A11,1,
105619,A12,1,
105619,A14,4,
105619,B01,5,
105619,B02,1,
105619,B03,3,
105619,B04,3,
105619,B05,4,
105619,B06,2,
105619,B07,1,
118091,A01,8,
118091,A02,7,退休
118091,A04,4,
118091,A05,2,2
118091,A08,1,
118091,A09,2,
118091,A10,2,
118091,A11,2,
118091,A12,1,
118091,A14,4,
118091,B01,3,
118091,B02,1,
118091,B03,2,
118091,B04,3,
118091,B05,3,
118091,B06,3,
118091,B07,3,
142891,A01,8,
142891,A02,7,家管
142891,A04,4,
142891,A05,2,2
142891,A08,3,
142891,A09,2,
142891,A10,2,
142891,A11,2,
142891,A12,1,
142891,A14,3,
142891,B01,3,
142891,B02,1,
142891,B03,4,
142891,B04,2,
142891,B05,4,
142891,B06,3,
142891,B07,2,
159058,A01,4,
159058,A02,1,
159058,A04,3,
159058,A05,1,0
159058,A08,1,
159058,A08,3,
159058,A09,1,
159058,A10,2,
159058,A11,2,
159058,A12,1,
159058,A14,4,
159058,B01,5,
159058,B02,2,
159058,B02,4,
159058,B03,3,
159058,B03,4,
159058,B04,2,
159058,B05,3,
159058,B06,2,
159058,B07,1,
162220,A01,1,
162220,A02,1,
162220,A04,5,
162220,A05,2,1
162220,A08,1,
162220,A08,3,
162220,A08,5,
162220,A09,1,
162220,A09,3,
162220,A09,7,
162220,A10,3,
162220,A11,2,
162220,A12,1,
162220,A14,3,
162220,B01,4,
162220,B02,1,
162220,B02,4,
162220,B03,2,
162220,B04,3,
162220,B05,4,
162220,B06,2,
162220,B07,2,
165959,A01,8,
165959,A02,7,退休
165959,A04,5,
165959,A05,2,3
165959,A08,3,
165959,A09,2,
165959,A10,2,
165959,A11,2,
165959,A12,1,
165959,A14,4,
165959,B01,2,
165959,B02,1,
165959,B02,3,
165959,B02,4,
165959,B03,4,
165959,B04,3,
165959,B05,3,
165959,B06,2,
165959,B07,2,
167212,A01,6,
167212,A02,5,
167212,A04,5,
167212,A05,3,
167212,A08,1,
167212,A09,1,
167212,A10,3,
167212,A11,2,
167212,A12,2,
167212,A14,4,
167212,B01,4,
167212,B02,5,
167212,B03,1,
167212,B04,3,
167212,B05,3,
167212,B06,2,
167212,B07,3,
167585,A01,4,
167585,A02,1,
167585,A04,2,
167585,A05,2,3
167585,A08,3,
167585,A09,1,
167585,A10,2,
167585,A11,1,
167585,A12,1,
167585,A14,4,
167585,B01,4,
167585,B02,1,
167585,B03,5,
167585,B04,3,
167585,B05,3,
167585,B06,3,
167585,B07,2,
169024,A01,24,國營事業
169024,A02,1,
169024,A04,2,
169024,A05,2,3
169024,A08,3,
169024,A08,5,
169024,A09,1,
169024,A10,2,
169024,A11,2,
169024,A12,1,
169024,A14,4,
169024,B01,3,
169024,B02,1,
169024,B03,3,
169024,B03,4,
169024,B04,2,
169024,B05,3,
169024,B06,4,
169024,B07,1,
169393,A01,8,
169393,A02,7,社會人士
169393,A04,4,
169393,A05,2,3
169393,A08,1,
169393,A09,2,
169393,A10,2,
169393,A11,1,
169393,A12,1,
169393,A14,4,
169393,B01,2,
169393,B02,1,
169393,B02,2,
169393,B02,3,
169393,B02,4,
169393,B02,5,
169393,B03,2,
169393,B04,4,
169393,B05,4,
169393,B06,2,
169393,B07,2,
169428,A01,6,
169428,A02,4,
169428,A04,4,
169428,A05,3,
169428,A08,3,
169428,A09,1,
169428,A10,2,
169428,A11,2,
169428,A12,1,
169428,A14,4,
169428,B01,4,
169428,B02,1,
169428,B03,1,
169428,B04,2,
169428,B05,2,
169428,B06,2,
169428,B07,1,
170875,A01,4,
170875,A02,4,
170875,A04,2,
170875,A05,3,
170875,A08,3,
170875,A09,1,
170875,A10,2,
170875,A11,2,
170875,A12,1,
170875,A14,4,
170875,B01,3,
170875,B02,1,
170875,B03,1,
170875,B04,3,
170875,B05,4,
170875,B06,2,
170875,B07,2,
172965,A01,6,
172965,A02,1,
172965,A04,2,
172965,A05,2,2
172965,A08,3,
172965,A09,1,
172965,A10,2,
172965,A11,1,
172965,A12,1,
172965,A14,4,
172965,B01,3,
172965,B02,1,
172965,B02,3,
172965,B02,4,
172965,B03,4,
172965,B04,3,
172965,B05,3,
172965,B06,2,
172965,B07,2,
175031,A01,24,會計
175031,A02,1,
175031,A04,3,
175031,A05,1,無
175031,A08,1,
175031,A09,1,
175031,A10,2,
175031,A11,1,
175031,A12,1,
175031,A14,4,
175031,B01,4,
175031,B02,1,
175031,B03,3,
175031,B04,2,
175031,B05,4,
175031,B06,2,
175031,B07,1,
178224,A01,3,
178224,A02,5,
178224,A04,4,
178224,A05,2,2
178224,A08,5,
178224,A09,1,
178224,A10,3,
178224,A11,3,
178224,A12,1,
178224,A14,4,
178224,B01,3,
178224,B02,1,
178224,B03,3,
178224,B03,4,
178224,B04,3,
178224,B05,3,
178224,B06,3,
178224,B07,3,
185580,A01,4,
185580,A02,4,
185580,A04,4,
185580,A05,2,3
185580,A08,5,
185580,A09,1,
185580,A10,3,
185580,A11,3,
185580,A12,1,
185580,A14,4,
185580,B01,3,
185580,B02,1,
185580,B03,4,
185580,B03,5,
185580,B04,3,
185580,B05,3,
185580,B06,4,
185580,B07,2,
187240,A01,8,
187240,A02,7,退休
187240,A04,4,
187240,A05,2,3人
187240,A08,5,
187240,A09,2,
187240,A10,2,
187240,A11,2,
187240,A12,1,
187240,A14,4,
187240,B01,2,
187240,B02,1,
187240,B02,4,
187240,B03,1,
187240,B04,2,
187240,B05,3,
187240,B06,2,
187240,B07,1,
188577,A01,3,
188577,A02,2,
188577,A04,5,
188577,A05,3,
188577,A08,1,
188577,A09,1,
188577,A10,3,
188577,A11,2,
188577,A12,1,
188577,A14,4,
188577,B01,5,
188577,B02,1,
188577,B02,4,
188577,B03,3,
188577,B04,2,
188577,B05,3,
188577,B06,2,
188577,B07,1,
194925,A01,1,
194925,A02,1,
194925,A04,4,
194925,A05,1,0
194925,A08,3,
194925,A09,1,
194925,A10,1,
194925,A11,1,
194925,A12,1,
194925,A14,4,
194925,B01,5,
194925,B02,1,
194925,B03,4,
194925,B04,2,
194925,B05,3,
194925,B06,5,
194925,B07,1,
209595,A01,4,
209595,A02,3,
209595,A04,4,
209595,A05,3,
209595,A08,1,
209595,A09,1,
209595,A10,3,
209595,A11,2,
209595,A12,1,
209595,A14,4,
209595,B01,4,
209595,B02,1,
209595,B03,1,
209595,B04,5,
209595,B05,3,
209595,B06,3,
209595,B07,3,
221902,A01,2,
221902,A02,2,
221902,A04,4,
221902,A05,1,0
221902,A08,1,
221902,A08,5,
221902,A09,1,
221902,A10,1,
221902,A11,1,
221902,A12,1,
221902,A14,4,
221902,B01,5,
221902,B02,3,
221902,B03,3,
221902,B04,2,
221902,B05,4,
221902,B06,2,
221902,B07,2,
224184,A01,8,
224184,A02,7,退休人
224184,A04,4,
224184,A05,2,2
224184,A08,5,
224184,A09,2,
224184,A10,3,
224184,A11,1,
224184,A12,2,
224184,A14,1,
224184,B01,1,
224184,B02,3,
224184,B02,4,
224184,B03,4,
224184,B04,2,
224184,B05,3,
224184,B06,3,
224184,B07,2,
229425,A01,13,歐洲
229425,A02,4,
229425,A04,3,
229425,A05,3,
229425,A08,1,
229425,A09,1,
229425,A09,3,
229425,A10,2,
229425,A11,2,
229425,A12,1,
229425,A14,4,
229425,B01,4,
229425,B02,1,
229425,B03,4,
229425,B03,5,
229425,B04,2,
229425,B05,3,
229425,B06,3,
229425,B07,3,
238089,A01,1,
238089,A02,1,
238089,A04,4,
238089,A05,2,3
238089,A08,3,
238089,A09,1,
238089,A10,2,
238089,A11,1,
238089,A12,1,
238089,A14,4,
238089,B01,4,
238089,B02,1,
238089,B02,3,
238089,B03,4,
238089,B04,2,
238089,B05,3,
238089,B06,2,
238089,B07,1,
242936,A01,4,
242936,A02,3,
242936,A04,4,
242936,A05,3,
242936,A08,3,
242936,A08,5,
242936,A09,1,
242936,A10,2,
242936,A11,1,
242936,A12,1,
242936,A14,4,
242936,B01,5,
242936,B02,1,
242936,B03,4,
242936,B03,5,
242936,B04,2,
242936,B05,3,
242936,B06,1,
242936,B07,1,
243875,A01,12,
243875,A02,1,
243875,A04,4,
243875,A05,3,
243875,A08,1,
243875,A09,1,
243875,A10,1,
243875,A11,1,
243875,A12,1,
243875,A14,4,
243875,B01,4,
243875,B02,1,
243875,B02,2,
243875,B02,3,
243875,B02,4,
243875,B03,1,
243875,B04,4,
243875,B05,4,
243875,B06,3,
243875,B07,1,
244624,A01,1,
244624,A02,4,
244624,A04,5,
244624,A05,2,2
244624,A08,1,
244624,A09,1,
244624,A10,2,
244624,A11,1,
244624,A12,1,
244624,A14,4,
244624,B01,5,
244624,B02,1,
244624,B03,5,
244624,B04,1,
244624,B05,3,
244624,B06,2,
244624,B07,2,
248196,A01,1,
248196,A02,4,
248196,A04,5,
248196,A05,2,2
248196,A08,1,
248196,A08,3,
248196,A09,1,
248196,A10,2,
248196,A11,1,
248196,A12,1,
248196,A14,4,
248196,B01,5,
248196,B02,1,
248196,B03,4,
248196,B03,5,
248196,B04,4,
248196,B05,3,
248196,B06,2,
248196,B07,1,
248635,A01,1,
248635,A02,1,
248635,A04,5,
248635,A05,2,2
248635,A08,3,
248635,A08,4,
248635,A09,1,
248635,A10,2,
248635,A11,2,
248635,A12,1,
248635,A14,4,
248635,B01,4,
248635,B02,1,
248635,B02,2,
248635,B02,3,
248635,B02,4,
248635,B03,3,
248635,B03,4,
248635,B04,3,
248635,B05,3,
248635,B06,2,
248635,B07,1,
256337,A01,3,
256337,A02,1,
256337,A04,3,
256337,A05,2,2
256337,A08,1,
256337,A09,1,
256337,A10,2,
256337,A11,2,
256337,A12,1,
256337,A14,4,
256337,B01,4,
256337,B02,1,
256337,B03,1,
256337,B03,2,
256337,B04,2,
256337,B05,3,
256337,B06,2,
256337,B07,2,
261000,A01,8,
261000,A02,7,家管
261000,A04,1,
261000,A05,3,
261000,A08,1,
261000,A09,2,
261000,A10,1,
261000,A11,1,
261000,A12,1,
261000,A14,1,
261000,B01,2,
261000,B02,1,
261000,B02,2,
261000,B03,3,
261000,B04,5,
261000,B05,3,
261000,B06,3,
261000,B07,3,
274897,A01,21,
274897,A02,2,
274897,A04,2,
274897,A05,3,
274897,A08,1,
274897,A09,7,
274897,A10,1,
274897,A11,1,
274897,A12,1,
274897,A14,4,
274897,B01,3,
274897,B02,1,
274897,B03,1,
274897,B04,5,
274897,B05,2,
274897,B06,4,
274897,B07,2,
278785,A01,24,出版
278785,A02,1,
278785,A04,4,
278785,A05,3,
278785,A08,3,
278785,A08,5,
278785,A09,1,
278785,A10,1,
278785,A11,1,
278785,A12,1,
278785,A14,4,
278785,B01,5,
278785,B02,1,
278785,B03,5,
278785,B04,2,
278785,B05,3,
278785,B06,2,
278785,B07,1,
280100,A01,4,
280100,A02,1,
280100,A04,1,
280100,A05,2,2
280100,A08,5,
280100,A09,1,
280100,A10,2,
280100,A11,1,
280100,A12,1,
280100,A14,2,
280100,B01,4,
280100,B02,1,
280100,B03,4,
280100,B04,3,
280100,B05,3,
280100,B06,2,
280100,B07,1,
287286,A01,5,
287286,A02,1,
287286,A04,2,
287286,A05,3,
287286,A08,1,
287286,A09,1,
287286,A10,1,
287286,A11,1,
287286,A12,1,
287286,A14,4,
287286,B01,4,
287286,B02,3,
287286,B03,4,
287286,B04,1,
287286,B05,3,
287286,B06,2,
287286,B07,1,
288874,A01,5,
288874,A02,1,
288874,A04,5,
288874,A05,2,2
288874,A08,1,
288874,A08,3,
288874,A08,4,
288874,A09,2,
288874,A09,3,
288874,A10,2,
288874,A11,1,
288874,A12,1,
288874,A14,4,
288874,B01,4,
288874,B02,1,
288874,B03,3,
288874,B04,3,
288874,B05,3,
288874,B06,2,
288874,B07,2,
289065,A01,4,
289065,A02,3,
289065,A04,2,
289065,A05,3,
289065,A08,1,
289065,A09,1,
289065,A10,1,
289065,A11,1,
289065,A12,1,
289065,A14,4,
289065,B01,5,
289065,B02,1,
289065,B03,3,
289065,B04,2,
289065,B05,3,
289065,B06,2,
289065,B07,1,
289509,A01,8,
289509,A02,2,
289509,A04,3,
289509,A05,1,無
289509,A08,3,
289509,A09,3,
289509,A10,2,
289509,A11,2,
289509,A12,1,
289509,A14,4,
289509,B01,3,
289509,B02,1,
289509,B03,3,
289509,B04,3,
289509,B05,5,
289509,B06,3,
289509,B07,3,
290591,A01,21,
290591,A02,1,
290591,A04,3,
290591,A05,2,2
290591,A08,3,
290591,A09,2,
290591,A10,2,
290591,A11,2,
290591,A12,1,
290591,A14,4,
290591,B01,4,
290591,B02,1,
290591,B03,4,
290591,B04,4,
290591,B05,3,
290591,B06,3,
290591,B07,2,
292885,A01,5,
292885,A02,4,
292885,A04,4,
292885,A05,3,
292885,A08,3,
292885,A08,4,
292885,A09,1,
292885,A10,3,
292885,A11,1,
292885,A12,1,
292885,A14,4,
292885,B01,5,
292885,B02,1,
292885,B03,4,
292885,B03,5,
292885,B04,2,
292885,B05,4,
292885,B06,2,
292885,B07,2,
293272,A01,4,
293272,A02,4,
293272,A04,5,
293272,A05,3,
293272,A08,5,
293272,A09,1,
293272,A10,2,
293272,A11,2,
293272,A12,1,
293272,A14,4,
293272,B01,5,
293272,B02,1,
293272,B02,4,
293272,B03,1,
293272,B04,2,
293272,B05,3,
293272,B06,3,
293272,B07,3,
295781,A01,21,
295781,A02,7,無
295781,A04,2,
295781,A05,1,0
295781,A08,3,
295781,A09,8,
295781,A10,1,
295781,A11,1,
295781,A12,1,
295781,A14,4,
295781,B01,4,
295781,B02,1,
295781,B03,5,
295781,B04,2,
295781,B05,3,
295781,B06,5,
295781,B07,1,
301153,A01,5,
301153,A02,2,
301153,A04,4,
301153,A05,1,0
301153,A08,3,
301153,A08,5,
301153,A09,1,
301153,A09,3,
301153,A10,2,
301153,A11,2,
301153,A12,2,
301153,A14,4,
301153,B01,4,
301153,B02,2,
301153,B02,4,
301153,B03,3,
301153,B04,2,
301153,B05,4,
301153,B06,2,
301153,B07,2,
302854,A01,5,
302854,A02,1,
302854,A04,2,
302854,A05,2,1
302854,A08,1,
302854,A09,1,
302854,A10,1,
302854,A11,1,
302854,A12,1,
302854,A14,4,
302854,B01,4,
302854,B02,1,
302854,B03,1,
302854,B04,3,
302854,B05,3,
302854,B06,2,
302854,B07,3,
303056,A01,1,
303056,A02,1,
303056,A04,5,
303056,A05,1,0
303056,A08,1,
303056,A08,5,
303056,A09,1,
303056,A10,2,
303056,A11,2,
303056,A12,1,
303056,A14,4,
303056,B01,5,
303056,B02,1,
303056,B03,4,
303056,B04,3,
303056,B05,3,
303056,B06,3,
303056,B07,2,
305868,A01,7,
305868,A02,7,學生
305868,A04,1,
305868,A05,1,0
305868,A08,5,
305868,A09,4,
305868,A10,3,
305868,A11,2,
305868,A12,1,
305868,A14,4,
305868,B01,1,
305868,B02,1,
305868,B03,3,
305868,B04,3,
305868,B05,3,
305868,B06,3,
305868,B07,3,
306962,A01,7,
306962,A02,7,學生
306962,A04,1,
306962,A05,3,
306962,A08,4,
306962,A09,4,
306962,A10,3,
306962,A11,2,
306962,A12,1,
306962,A14,4,
306962,B01,1,
306962,B02,1,
306962,B03,4,
306962,B04,2,
306962,B05,3,
306962,B06,2,
306962,B07,4,
308080,A01,7,
308080,A02,7,學生
308080,A04,1,
308080,A05,1,0
308080,A08,1,
308080,A08,5,
308080,A09,3,
308080,A09,4,
308080,A10,3,
308080,A11,3,
308080,A12,1,
308080,A14,4,
308080,B01,1,
308080,B02,1,
308080,B02,2,
308080,B03,1,
308080,B03,2,
308080,B04,3,
308080,B05,3,
308080,B06,4,
308080,B07,5,
308266,A01,23,農業機械
308266,A02,6,
308266,A04,3,
308266,A05,3,
308266,A08,3,
308266,A09,8,
308266,A10,3,
308266,A11,2,
308266,A12,1,
308266,A14,4,
308266,B01,4,
308266,B02,1,
308266,B02,2,
308266,B03,3,
308266,B04,3,
308266,B05,3,
308266,B06,3,
308266,B07,3,
308472,A01,5,
308472,A02,1,
308472,A04,4,
308472,A05,2,2
308472,A08,1,
308472,A09,1,
308472,A10,2,
308472,A11,2,
308472,A12,1,
308472,A14,4,
308472,B01,5,
308472,B02,1,
308472,B03,1,
308472,B04,2,
308472,B05,4,
308472,B06,3,
308472,B07,2,
309966,A01,14,
309966,A02,2,
309966,A04,4,
309966,A05,1,0
309966,A08,1,
309966,A08,3,
309966,A09,3,
309966,A10,1,
309966,A11,1,
309966,A12,1,
309966,A14,4,
309966,B01,3,
309966,B02,1,
309966,B03,3,
309966,B04,2,
309966,B05,3,
309966,B06,4,
309966,B07,2,
310048,A01,5,
310048,A02,1,
310048,A04,4,
310048,A05,1,0
310048,A08,5,
310048,A09,1,
310048,A10,3,
310048,A11,2,
310048,A12,1,
310048,A14,4,
310048,B01,5,
310048,B02,1,
310048,B03,5,
310048,B04,3,
310048,B05,3,
310048,B06,2,
310048,B07,1,
311124,A01,5,
311124,A02,1,
311124,A04,4,
311124,A05,2,3
311124,A08,1,
311124,A09,1,
311124,A10,1,
311124,A11,1,
311124,A12,1,
311124,A14,4,
311124,B01,4,
311124,B02,1,
311124,B03,1,
311124,B04,3,
311124,B05,3,
311124,B06,4,
311124,B07,4,
312247,A01,20,
312247,A02,7,學齡前
312247,A04,1,
312247,A05,1,0
312247,A08,4,
312247,A09,1,
312247,A10,2,
312247,A11,1,
312247,A12,1,
312247,A14,4,
312247,B01,1,
312247,B02,1,
312247,B03,4,
312247,B04,3,
312247,B05,4,
312247,B06,3,
312247,B07,2,
312548,A01,7,
312548,A02,7,學生
312548,A04,4,
312548,A05,1,0
312548,A08,5,
312548,A09,9,母
312548,A10,2,
312548,A11,2,
312548,A12,1,
312548,A14,4,
312548,B01,5,
312548,B02,1,
312548,B03,3,
312548,B04,4,
312548,B05,3,
312548,B06,3,
312548,B07,2,
312874,A01,5,
312874,A02,6,
312874,A04,4,
312874,A05,2,2人
312874,A08,3,
312874,A09,1,
312874,A10,2,
312874,A11,2,
312874,A12,2,
312874,A14,4,
312874,B01,4,
312874,B02,1,
312874,B03,5,
312874,B04,3,
312874,B05,3,
312874,B06,2,
312874,B07,2,
313026,A01,8,
313026,A02,1,
313026,A04,2,
313026,A05,3,
313026,A08,1,
313026,A09,2,
313026,A10,2,
313026,A11,1,
313026,A12,1,
313026,A14,4,
313026,B01,3,
313026,B02,1,
313026,B02,4,
313026,B03,1,
313026,B04,2,
313026,B05,3,
313026,B06,4,
313026,B07,4,
313150,A01,6,
313150,A02,1,
313150,A04,4,
313150,A05,1,0
313150,A08,5,
313150,A09,1,
313150,A10,1,
313150,A11,1,
313150,A12,1,
313150,A14,4,
313150,B01,5,
313150,B02,1,
313150,B02,2,
313150,B03,4,
313150,B04,1,
313150,B05,3,
313150,B06,1,
313150,B07,1,
313567,A01,3,
313567,A02,2,
313567,A04,3,
313567,A05,2,3
313567,A08,1,
313567,A09,1,
313567,A10,2,
313567,A11,3,
313567,A12,1,
313567,A14,4,
313567,B01,5,
313567,B02,1,
313567,B02,2,
313567,B03,1,
313567,B03,2,
313567,B04,3,
313567,B05,3,
313567,B06,2,
313567,B07,3,
313930,A01,4,
313930,A02,1,
313930,A04,5,
313930,A05,1,0
313930,A08,3,
313930,A08,5,
313930,A09,1,
313930,A10,2,
313930,A11,1,
313930,A12,1,
313930,A14,4,
313930,B01,5,
313930,B02,1,
313930,B03,4,
313930,B04,2,
313930,B05,3,
313930,B06,4,
313930,B07,2,
314201,A01,1,
314201,A02,1,
314201,A04,3,
314201,A05,1,3
314201,A08,1,
314201,A09,1,
314201,A10,2,
314201,A11,2,
314201,A12,1,
314201,A14,3,
314201,B01,3,
314201,B02,1,
314201,B03,4,
314201,B04,3,
314201,B05,3,
314201,B06,3,
314201,B07,3,
314399,A01,21,
314399,A02,1,
314399,A04,4,
314399,A05,2,2
314399,A08,1,
314399,A09,1,
314399,A10,2,
314399,A11,1,
314399,A12,1,
314399,A14,4,
314399,B01,5,
314399,B02,1,
314399,B03,1,
314399,B04,2,
314399,B05,3,
314399,B06,1,
314399,B07,1,
314428,A01,8,
314428,A02,2,
314428,A04,5,
314428,A05,3,
314428,A08,1,
314428,A08,3,
314428,A09,2,
314428,A10,1,
314428,A11,1,
314428,A12,1,
314428,A14,4,
314428,B01,4,
314428,B02,1,
314428,B03,1,
314428,B04,3,
314428,B05,3,
314428,B06,3,
314428,B07,1,
314461,A01,4,
314461,A02,3,
314461,A04,5,
314461,A05,1,0
314461,A08,3,
314461,A09,1,
314461,A10,2,
314461,A11,2,
314461,A12,1,
314461,A14,4,
314461,B01,5,
314461,B02,1,
314461,B03,4,
314461,B03,5,
314461,B04,1,
314461,B05,3,
314461,B06,5,
314461,B07,1,
314816,A01,7,
314816,A02,7, 學生
314816,A04,4,
314816,A05,3,
314816,A08,5,
314816,A09,3,
314816,A10,1,
314816,A11,1,
314816,A12,1,
314816,A14,4,
314816,B01,1,
314816,B02,1,
314816,B02,4,
314816,B03,2,
314816,B03,4,
314816,B04,2,
314816,B05,3,
314816,B06,2,
314816,B07,2,
314831,A01,21,
314831,A02,7,家管
314831,A04,1,
314831,A05,2,3
314831,A08,1,
314831,A08,5,
314831,A09,2,
314831,A09,3,
314831,A10,2,
314831,A11,1,
314831,A12,1,
314831,A14,2,
314831,B01,2,
314831,B02,5,
314831,B03,3,
314831,B04,3,
314831,B05,3,
314831,B06,2,
314831,B07,3,
315456,A01,3,
315456,A02,1,
315456,A04,4,
315456,A05,1,0
315456,A08,1,
315456,A08,5,
315456,A08,6,
315456,A09,1,
315456,A10,2,
315456,A11,1,
315456,A12,1,
315456,A14,4,
315456,B01,5,
315456,B02,1,
315456,B03,1,
315456,B03,2,
315456,B03,3,
315456,B03,4,
315456,B03,5,
315456,B04,3,
315456,B05,3,
315456,B06,2,
315456,B07,2,
315759,A01,21,
315759,A02,1,
315759,A04,2,
315759,A05,2,2
315759,A08,2,
315759,A08,3,
315759,A09,1,
315759,A10,1,
315759,A11,1,
315759,A12,1,
315759,A14,4,
315759,B01,4,
315759,B02,1,
315759,B03,3,
315759,B04,2,
315759,B05,2,
315759,B06,3,
315759,B07,2,
316212,A01,20,
316212,A02,7,學齡前
316212,A04,1,
316212,A05,3,
316212,A08,1,
316212,A09,9,學齡前
316212,A10,3,
316212,A11,1,
316212,A12,1,
316212,A14,4,
316212,B01,1,
316212,B02,1,
316212,B03,3,
316212,B04,2,
316212,B05,3,
316212,B06,3,
316212,B07,1,
316368,A01,12,
316368,A02,2,
316368,A04,4,
316368,A05,3,
316368,A08,3,
316368,A08,5,
316368,A09,1,
316368,A10,2,
316368,A11,2,
316368,A12,1,
316368,A14,4,
316368,B01,5,
316368,B02,1,
316368,B03,3,
316368,B04,2,
316368,B05,3,
316368,B06,1,
316368,B07,1,
316525,A01,4,
316525,A02,1,
316525,A04,4,
316525,A05,1,0
316525,A08,3,
316525,A09,1,
316525,A10,2,
316525,A11,1,
316525,A12,1,
316525,A14,4,
316525,B01,5,
316525,B02,2,
316525,B03,3,
316525,B04,1,
316525,B05,3,
316525,B06,3,
316525,B07,1,
316797,A01,4,
316797,A02,2,
316797,A04,4,
316797,A05,1,0
316797,A08,1,
316797,A09,1,
316797,A10,2,
316797,A11,1,
316797,A12,1,
316797,A14,4,
316797,B01,5,
316797,B02,1,
316797,B03,1,
316797,B04,3,
316797,B05,4,
316797,B06,3,
316797,B07,2,
317065,A01,2,
317065,A02,2,
317065,A04,5,
317065,A05,2,2
317065,A08,4,
317065,A09,1,
317065,A10,3,
317065,A11,3,
317065,A12,1,
317065,A14,4,
317065,B01,4,
317065,B02,1,
317065,B03,3,
317065,B03,4,
317065,B04,3,
317065,B05,2,
317065,B06,2,
317065,B07,2,
317157,A01,8,
317157,A02,7,家管
317157,A04,1,
317157,A05,2,5
317157,A08,3,
317157,A09,2,
317157,A10,2,
317157,A11,1,
317157,A12,1,
317157,A14,1,
317157,B01,1,
317157,B02,1,
317157,B03,3,
317157,B04,2,
317157,B05,3,
317157,B06,3,
317157,B07,2,
317415,A01,4,
317415,A02,1,
317415,A04,4,
317415,A05,1,0
317415,A08,5,
317415,A09,1,
317415,A10,3,
317415,A11,2,
317415,A12,1,
317415,A14,4,
317415,B01,5,
317415,B02,1,
317415,B03,1,
317415,B04,1,
317415,B05,3,
317415,B06,2,
317415,B07,2,
317611,A01,8,
317611,A02,1,
317611,A04,1,
317611,A05,2,4
317611,A08,1,
317611,A08,2,
317611,A08,5,
317611,A09,2,
317611,A09,3,
317611,A09,4,
317611,A09,7,
317611,A10,2,
317611,A11,1,
317611,A12,1,
317611,A14,1,
317611,B01,2,
317611,B02,1,
317611,B02,2,
317611,B02,4,
317611,B03,2,
317611,B04,4,
317611,B05,3,
317611,B06,3,
317611,B07,3,
317922,A01,20,
317922,A02,7,學齡前
317922,A04,1,
317922,A05,1,學齡前
317922,A08,4,
317922,A09,9,學齡前
317922,A10,2,
317922,A11,1,
317922,A12,1,
317922,A14,4,
317922,B01,1,
317922,B02,1,
317922,B03,3,
317922,B03,4,
317922,B04,3,
317922,B05,4,
317922,B06,3,
317922,B07,3,
318121,A01,8,
318121,A02,2,
318121,A04,4,
318121,A05,2,2
318121,A08,3,
318121,A09,2,
318121,A10,1,
318121,A11,1,
318121,A12,1,
318121,A14,1,
318121,B01,2,
318121,B02,2,
318121,B03,3,
318121,B03,4,
318121,B04,4,
318121,B05,4,
318121,B06,3,
318121,B07,1,
318275,A01,1,
318275,A02,1,
318275,A04,3,
318275,A05,2,3
318275,A08,1,
318275,A09,1,
318275,A10,3,
318275,A11,2,
318275,A12,1,
318275,A14,4,
318275,B01,4,
318275,B02,1,
318275,B03,3,
318275,B04,2,
318275,B05,3,
318275,B06,2,
318275,B07,1,
318286,A01,5,
318286,A02,1,
318286,A04,3,
318286,A05,3,
318286,A08,1,
318286,A08,5,
318286,A09,1,
318286,A10,1,
318286,A11,1,
318286,A12,1,
318286,A14,4,
318286,B01,5,
318286,B02,1,
318286,B02,3,
318286,B03,1,
318286,B03,2,
318286,B04,2,
318286,B05,3,
318286,B06,3,
318286,B07,1,
318291,A01,21,
318291,A02,1,
318291,A04,5,
318291,A05,2,0
318291,A08,1,
318291,A09,8,
318291,A10,1,
318291,A11,1,
318291,A12,2,
318291,A14,4,
318291,B01,5,
318291,B02,1,
318291,B03,1,
318291,B04,3,
318291,B05,2,
318291,B06,3,
318291,B07,2,
318339,A01,6,
318339,A02,2,
318339,A04,4,
318339,A05,1,0
318339,A08,3,
318339,A09,1,
318339,A10,2,
318339,A11,1,
318339,A12,1,
318339,A14,4,
318339,B01,5,
318339,B02,3,
318339,B03,1,
318339,B04,1,
318339,B05,3,
318339,B06,5,
318339,B07,1,
318493,A01,4,
318493,A02,2,
318493,A04,4,
318493,A05,1,0
318493,A08,1,
318493,A09,1,
318493,A10,2,
318493,A11,2,
318493,A12,1,
318493,A14,4,
318493,B01,5,
318493,B02,1,
318493,B03,4,
318493,B04,2,
318493,B05,3,
318493,B06,2,
318493,B07,1,
318882,A01,6,
318882,A02,1,
318882,A04,5,
318882,A05,1,0
318882,A08,1,
318882,A09,1,
318882,A10,2,
318882,A11,2,
318882,A12,1,
318882,A14,4,
318882,B01,5,
318882,B02,1,
318882,B02,3,
318882,B02,4,
318882,B03,1,
318882,B04,3,
318882,B05,3,
318882,B06,2,
318882,B07,1,
319475,A01,5,
319475,A02,2,
319475,A04,4,
319475,A05,2,0
319475,A08,1,
319475,A09,1,
319475,A10,2,
319475,A11,1,
319475,A12,1,
319475,A14,4,
319475,B01,5,
319475,B02,1,
319475,B03,1,
319475,B04,2,
319475,B05,4,
319475,B06,2,
319475,B07,2,
