label_headers,職業-軍警公教,職業-資訊業,職業-金融業,職業-製造業,職業-服務業,職業-醫療服務業,職業-學生,職業-退休人士,職業-餐飲旅館/旅遊業,職業-量販店,職業-政治性職務,職業-營造/不動產業,職業-進出口貿易,職業-專業服務,職業-民間匯兌業/虛擬貨幣產業,職業-武器設備業,職業-非營利機構,職業-高單價物品之買賣或拍賣,職業-當鋪/銀樓,職業-學齡前,職業-家管,職業-待業中,職業-自營商,職業-其他,職務-基層職員,職務-專業人員,職務-技術人員,職務-中階主管,職務-高階主管,職務-企業負責人,職務-其他,學歷-國中(含以下),學歷-高中,學歷-專科,學歷-大學,學歷-碩士/博士 ,婚姻狀況-未婚,婚姻狀況-已婚有子女,婚姻狀況-已婚無子女,投資目的-閒置資金運用,投資目的-節稅,投資目的-儲備退休金,投資目的-子女教育基金,投資目的-追求長期投資報酬,投資目的-資金調度,投資目的-其他,投資基金來源-薪資收入,投資基金來源-退休金,投資基金來源-投資收益,投資基金來源-繼承/贈與,投資基金來源-借貸,投資基金來源-出售資產,投資基金來源-租賃收入,投資基金來源-自營收入,投資基金來源-其他,家庭年收入-50 萬元以下,家庭年收入-50 萬元~100 萬元,家庭年收入-100 萬元~300 萬元,家庭年收入-300 萬元~500 萬元,家庭年收入-500 萬元以上,家庭年支出-50 萬元以下,家庭年支出-50 萬元~100 萬元,家庭年支出-100 萬元~300 萬元,家庭年支出-300 萬元~500 萬元,家庭年支出-500 萬元以上,預計(單筆)投資金額-100 萬元以下,預計(單筆)投資金額-100 萬元~300 萬元,預計(單筆)投資金額-300 萬元以上,特殊身分客戶-70 歲以上,特殊身分客戶-國中畢業以下,特殊身分客戶-領有全民健康保險重大傷病證明,年齡-75 歲以上/20歲以下,年齡-66~75歲,年齡-56~65歲,年齡-46~55歲,年齡-20~45歲,曾經持有投資產品-現金、存款、定存、貨幣型基金與保本型基金,曾經持有投資產品-債券、投資等級之債券基金,曾經持有投資產品-外幣存款、非投資等級之債券基金、平衡型基金、新興市場債券基金,曾經持有投資產品-股票、全球股票基金、歐美成熟國家股票基金、投資型保單,曾經持有投資產品-新興市場股票基金、單一新興國家股票基金、衍生性商品,基金投資目的偏好-現金、存款、定存、貨幣型基金與保本型基金,基金投資目的偏好-債券、投資等級之債券基金,基金投資目的偏好-外幣存款、非投資等級之債券基金、平衡型基金、新興市場債券基金,基金投資目的偏好-股票、全球股票基金、歐美成熟國家股票基金、投資型保單,基金投資目的偏好-新興市場股票基金、單一新興國家股票基金、衍生性商品,備用金相當家庭開銷-無備用金,備用金相當家庭開銷-3 個月以下,備用金相當家庭開銷-介於3~6 個月,備用金相當家庭開銷-介於6~9 個月,備用金相當家庭開銷-超過9 個月,基金投資方式-不曾投資過,基金投資方式-只買過貨幣型基金,基金投資方式-定時定額,基金投資方式-單筆(不含貨幣型基金)和定時定額兩者都有,基金投資方式-單筆或私募基金,期望投資報酬率-1%~2%,期望投資報酬率-3%~5%,期望投資報酬率-6%~8%,期望投資報酬率-9%~12%,期望投資報酬率-12%以上,最大投資損失-1%~2%,最大投資損失-3%~5%,最大投資損失-6%~8%,最大投資損失-9%~12%,最大投資損失-12%以上
職業-軍警公教,1.0,0.0,0.0,0.0,0.0,0.0,0.0,0.0,0.0,0.0,0.0,0.0,0.0,0.0,0.0,0.0,0.0,0.0,0.0,0.0,0.0,0.0,0.0,0.0,0.7,0.0,0.0,0.3,0.0,0.0,0.0,0.0,0.0,0.2,0.2,0.6,0.4,0.6,0.0,0.4,0.0,0.3,0.1,0.2,0.0,0.0,0.9,0.0,0.0,0.0,0.0,0.0,0.1,0.0,0.0,0.1,0.7,0.2,0.0,0.0,0.4,0.6,0.0,0.0,0.0,1.0,0.0,0.0,0.0,0.0,0.2,0.0,0.0,0.1,0.5,0.4,0.7,0.0,0.1,0.2,0.0,0.1,0.1,0.1,0.5,0.2,0.1,0.4,0.4,0.1,0.0,0.0,0.0,0.9,0.1,0.0,0.0,0.7,0.2,0.0,0.1,0.6,0.3,0.1,0.0,0.0
職業-資訊業,0.0,1.0,0.0,0.0,0.0,0.0,0.0,0.0,0.0,0.0,0.0,0.0,0.0,0.0,0.0,0.0,0.0,0.0,0.0,0.0,0.0,0.0,0.0,0.0,0.3333333333333333,0.6666666666666666,0.0,0.0,0.0,0.0,0.0,0.0,0.3333333333333333,0.0,0.3333333333333333,0.3333333333333333,0.3333333333333333,0.6666666666666666,0.0,0.3333333333333333,0.0,0.0,0.3333333333333333,0.3333333333333333,0.0,0.0,1.0,0.0,0.0,0.0,0.0,0.0,0.0,0.0,0.0,0.3333333333333333,0.3333333333333333,0.3333333333333333,0.0,0.0,0.6666666666666666,0.0,0.3333333333333333,0.0,0.0,1.0,0.0,0.0,0.0,0.0,0.0,0.0,0.0,0.0,0.6666666666666666,0.3333333333333333,0.6666666666666666,0.0,0.3333333333333333,0.0,0.0,0.0,0.3333333333333333,0.3333333333333333,0.3333333333333333,0.0,0.0,0.3333333333333333,0.6666666666666666,0.0,0.0,0.0,0.3333333333333333,0.3333333333333333,0.3333333333333333,0.0,0.0,0.6666666666666666,0.3333333333333333,0.0,0.0,0.0,0.6666666666666666,0.3333333333333333,0.0,0.0
職業-金融業,0.0,0.0,1.0,0.0,0.0,0.0,0.0,0.0,0.0,0.0,0.0,0.0,0.0,0.0,0.0,0.0,0.0,0.0,0.0,0.0,0.0,0.0,0.0,0.0,0.5,0.3333333333333333,0.0,0.0,0.16666666666666666,0.0,0.0,0.0,0.0,0.3333333333333333,0.5,0.16666666666666666,0.16666666666666666,0.6666666666666666,0.0,0.5,0.0,0.16666666666666666,0.0,0.16666666666666666,0.16666666666666666,0.0,0.8333333333333334,0.0,0.16666666666666666,0.0,0.0,0.0,0.0,0.0,0.0,0.0,0.6666666666666666,0.3333333333333333,0.0,0.0,0.3333333333333333,0.3333333333333333,0.3333333333333333,0.0,0.0,1.0,0.0,0.0,0.0,0.0,0.0,0.0,0.0,0.3333333333333333,0.16666666666666666,0.5,0.5,0.16666666666666666,0.16666666666666666,0.16666666666666666,0.0,0.0,0.3333333333333333,0.3333333333333333,0.16666666666666666,0.16666666666666666,0.0,0.3333333333333333,0.6666666666666666,0.0,0.0,0.0,0.0,0.8333333333333334,0.16666666666666666,0.0,0.0,0.6666666666666666,0.3333333333333333,0.0,0.0,0.3333333333333333,0.3333333333333333,0.3333333333333333,0.0,0.0
職業-製造業,0.0,0.0,0.0,1.0,0.0,0.0,0.0,0.0,0.0,0.0,0.0,0.0,0.0,0.0,0.0,0.0,0.0,0.0,0.0,0.0,0.0,0.0,0.0,0.0,0.375,0.125,0.25,0.25,0.0,0.0,0.0,0.0625,0.1875,0.0625,0.5,0.1875,0.4375,0.25,0.0,0.25,0.0,0.3125,0.0,0.4375,0.0,0.0,1.0,0.0,0.0,0.0,0.0,0.0,0.0,0.0,0.0,0.0625,0.6875,0.25,0.0,0.0,0.4375,0.5,0.0625,0.0,0.0,1.0,0.0,0.0,0.0,0.0625,0.0,0.0,0.0,0.125,0.1875,0.6875,0.8125,0.0625,0.0,0.125,0.0,0.3125,0.0,0.1875,0.25,0.25,0.1875,0.375,0.375,0.0,0.0625,0.0,0.0,0.875,0.125,0.0,0.0625,0.375,0.375,0.125,0.0625,0.4375,0.4375,0.125,0.0,0.0
職業-服務業,0.0,0.0,0.0,0.0,1.0,0.0,0.0,0.0,0.0,0.0,0.0,0.0,0.0,0.0,0.0,0.0,0.0,0.0,0.0,0.0,0.0,0.0,0.0,0.0,0.6666666666666666,0.13333333333333333,0.0,0.06666666666666667,0.0,0.06666666666666667,0.06666666666666667,0.0,0.2,0.13333333333333333,0.6,0.06666666666666667,0.2,0.4666666666666667,0.06666666666666667,0.3333333333333333,0.0,0.2,0.2,0.26666666666666666,0.0,0.0,0.8,0.0,0.2,0.0,0.0,0.0,0.0,0.0,0.0,0.4,0.4,0.2,0.0,0.0,0.6666666666666666,0.3333333333333333,0.0,0.0,0.0,0.8666666666666667,0.13333333333333333,0.0,0.0,0.0,0.06666666666666667,0.0,0.0,0.06666666666666667,0.6,0.3333333333333333,0.6666666666666666,0.0,0.2,0.13333333333333333,0.0,0.3333333333333333,0.06666666666666667,0.13333333333333333,0.2,0.26666666666666666,0.06666666666666667,0.4666666666666667,0.4,0.0,0.06666666666666667,0.0,0.0,0.6666666666666666,0.3333333333333333,0.0,0.0,0.7333333333333333,0.13333333333333333,0.13333333333333333,0.0,0.26666666666666666,0.6,0.06666666666666667,0.06666666666666667,0.0
職業-醫療服務業,0.0,0.0,0.0,0.0,0.0,1.0,0.0,0.0,0.0,0.0,0.0,0.0,0.0,0.0,0.0,0.0,0.0,0.0,0.0,0.0,0.0,0.0,0.0,0.0,0.42857142857142855,0.14285714285714285,0.14285714285714285,0.14285714285714285,0.14285714285714285,0.0,0.0,0.0,0.14285714285714285,0.0,0.5714285714285714,0.2857142857142857,0.42857142857142855,0.2857142857142857,0.0,0.2857142857142857,0.0,0.42857142857142855,0.14285714285714285,0.14285714285714285,0.0,0.0,1.0,0.0,0.0,0.0,0.0,0.0,0.0,0.0,0.0,0.14285714285714285,0.7142857142857143,0.14285714285714285,0.0,0.0,0.5714285714285714,0.42857142857142855,0.0,0.0,0.0,0.8571428571428571,0.14285714285714285,0.0,0.0,0.0,0.0,0.0,0.0,0.14285714285714285,0.2857142857142857,0.5714285714285714,0.2857142857142857,0.14285714285714285,0.14285714285714285,0.2857142857142857,0.14285714285714285,0.5714285714285714,0.0,0.14285714285714285,0.2857142857142857,0.0,0.2857142857142857,0.14285714285714285,0.5714285714285714,0.0,0.0,0.0,0.14285714285714285,0.7142857142857143,0.14285714285714285,0.0,0.14285714285714285,0.7142857142857143,0.0,0.0,0.14285714285714285,0.7142857142857143,0.14285714285714285,0.14285714285714285,0.0,0.0
職業-學生,0.0,0.0,0.0,0.0,0.0,0.0,1.0,0.0,0.0,0.0,0.0,0.0,0.0,0.0,0.0,0.0,0.0,0.0,0.0,0.0,0.0,0.0,0.0,0.0,0.0,0.0,0.0,0.0,0.0,0.0,1.0,0.5,0.0,0.0,0.5,0.0,0.5,0.0,0.0,0.0,0.0,0.0,0.16666666666666666,0.8333333333333334,0.0,0.0,0.0,0.0,0.3333333333333333,0.5,0.0,0.0,0.0,0.0,0.16666666666666666,0.3333333333333333,0.16666666666666666,0.5,0.0,0.0,0.3333333333333333,0.5,0.16666666666666666,0.0,0.0,1.0,0.0,0.0,0.0,0.0,0.0,0.6666666666666666,0.0,0.0,0.0,0.3333333333333333,0.5,0.3333333333333333,0.0,0.16666666666666666,0.0,0.0,0.16666666666666666,0.5,0.3333333333333333,0.0,0.0,0.5,0.3333333333333333,0.16666666666666666,0.0,0.0,0.0,1.0,0.0,0.0,0.0,0.3333333333333333,0.5,0.16666666666666666,0.0,0.0,0.3333333333333333,0.3333333333333333,0.16666666666666666,0.16666666666666666
職業-退休人士,0.0,0.0,0.0,0.0,0.0,0.0,0.0,1.0,0.0,0.0,0.0,0.0,0.0,0.0,0.0,0.0,0.0,0.0,0.0,0.0,0.0,0.0,0.0,0.0,0.13333333333333333,0.2,0.0,0.06666666666666667,0.0,0.0,0.6,0.2,0.13333333333333333,0.06666666666666667,0.4666666666666667,0.13333333333333333,0.06666666666666667,0.7333333333333333,0.0,0.26666666666666666,0.0,0.4666666666666667,0.0,0.2,0.06666666666666667,0.0,0.0,0.8666666666666667,0.06666666666666667,0.0,0.0,0.0,0.06666666666666667,0.0,0.0,0.26666666666666666,0.6666666666666666,0.06666666666666667,0.0,0.0,0.6666666666666666,0.3333333333333333,0.0,0.0,0.0,0.9333333333333333,0.06666666666666667,0.0,0.4,0.0,0.06666666666666667,0.13333333333333333,0.4666666666666667,0.26666666666666666,0.13333333333333333,0.0,0.4666666666666667,0.13333333333333333,0.0,0.3333333333333333,0.06666666666666667,0.26666666666666666,0.2,0.26666666666666666,0.26666666666666666,0.0,0.0,0.4,0.26666666666666666,0.26666666666666666,0.06666666666666667,0.0,0.0,0.7333333333333333,0.2,0.06666666666666667,0.0,0.2,0.7333333333333333,0.06666666666666667,0.0,0.2,0.3333333333333333,0.4,0.06666666666666667,0.0
職業-餐飲旅館/旅遊業,0.0,0.0,0.0,0.0,0.0,0.0,0.0,0.0,0.0,0.0,0.0,0.0,0.0,0.0,0.0,0.0,0.0,0.0,0.0,0.0,0.0,0.0,0.0,0.0,0.0,0.0,0.0,0.0,0.0,0.0,0.0,0.0,0.0,0.0,0.0,0.0,0.0,0.0,0.0,0.0,0.0,0.0,0.0,0.0,0.0,0.0,0.0,0.0,0.0,0.0,0.0,0.0,0.0,0.0,0.0,0.0,0.0,0.0,0.0,0.0,0.0,0.0,0.0,0.0,0.0,0.0,0.0,0.0,0.0,0.0,0.0,0.0,0.0,0.0,0.0,0.0,0.0,0.0,0.0,0.0,0.0,0.0,0.0,0.0,0.0,0.0,0.0,0.0,0.0,0.0,0.0,0.0,0.0,0.0,0.0,0.0,0.0,0.0,0.0,0.0,0.0,0.0,0.0,0.0,0.0,0.0
職業-量販店,0.0,0.0,0.0,0.0,0.0,0.0,0.0,0.0,0.0,0.0,0.0,0.0,0.0,0.0,0.0,0.0,0.0,0.0,0.0,0.0,0.0,0.0,0.0,0.0,0.0,0.0,0.0,0.0,0.0,0.0,0.0,0.0,0.0,0.0,0.0,0.0,0.0,0.0,0.0,0.0,0.0,0.0,0.0,0.0,0.0,0.0,0.0,0.0,0.0,0.0,0.0,0.0,0.0,0.0,0.0,0.0,0.0,0.0,0.0,0.0,0.0,0.0,0.0,0.0,0.0,0.0,0.0,0.0,0.0,0.0,0.0,0.0,0.0,0.0,0.0,0.0,0.0,0.0,0.0,0.0,0.0,0.0,0.0,0.0,0.0,0.0,0.0,0.0,0.0,0.0,0.0,0.0,0.0,0.0,0.0,0.0,0.0,0.0,0.0,0.0,0.0,0.0,0.0,0.0,0.0,0.0
職業-政治性職務,0.0,0.0,0.0,0.0,0.0,0.0,0.0,0.0,0.0,0.0,0.0,0.0,0.0,0.0,0.0,0.0,0.0,0.0,0.0,0.0,0.0,0.0,0.0,0.0,0.0,0.0,0.0,0.0,0.0,0.0,0.0,0.0,0.0,0.0,0.0,0.0,0.0,0.0,0.0,0.0,0.0,0.0,0.0,0.0,0.0,0.0,0.0,0.0,0.0,0.0,0.0,0.0,0.0,0.0,0.0,0.0,0.0,0.0,0.0,0.0,0.0,0.0,0.0,0.0,0.0,0.0,0.0,0.0,0.0,0.0,0.0,0.0,0.0,0.0,0.0,0.0,0.0,0.0,0.0,0.0,0.0,0.0,0.0,0.0,0.0,0.0,0.0,0.0,0.0,0.0,0.0,0.0,0.0,0.0,0.0,0.0,0.0,0.0,0.0,0.0,0.0,0.0,0.0,0.0,0.0,0.0
職業-營造/不動產業,0.0,0.0,0.0,0.0,0.0,0.0,0.0,0.0,0.0,0.0,0.0,1.0,0.0,0.0,0.0,0.0,0.0,0.0,0.0,0.0,0.0,0.0,0.0,0.0,0.3333333333333333,0.3333333333333333,0.3333333333333333,0.0,0.0,0.0,0.0,0.3333333333333333,0.0,0.0,0.6666666666666666,0.0,0.0,0.3333333333333333,0.0,0.3333333333333333,0.0,0.0,0.0,0.6666666666666666,0.0,0.0,0.6666666666666666,0.0,0.3333333333333333,0.0,0.0,0.0,0.0,0.0,0.0,0.3333333333333333,0.6666666666666666,0.0,0.0,0.0,0.6666666666666666,0.3333333333333333,0.0,0.0,0.0,1.0,0.0,0.0,0.0,0.3333333333333333,0.0,0.0,0.0,0.3333333333333333,0.3333333333333333,0.3333333333333333,0.3333333333333333,0.0,0.0,0.6666666666666666,0.0,0.3333333333333333,0.0,0.3333333333333333,0.0,0.3333333333333333,0.0,0.3333333333333333,0.3333333333333333,0.3333333333333333,0.0,0.0,0.0,0.6666666666666666,0.3333333333333333,0.0,0.3333333333333333,0.3333333333333333,0.3333333333333333,0.0,0.0,1.0,0.0,0.0,0.0,0.0
職業-進出口貿易,0.0,0.0,0.0,0.0,0.0,0.0,0.0,0.0,0.0,0.0,0.0,0.0,1.0,0.0,0.0,0.0,0.0,0.0,0.0,0.0,0.0,0.0,0.0,0.0,0.0,0.0,0.0,1.0,0.0,0.0,0.0,0.0,0.0,1.0,0.0,0.0,0.0,0.0,0.0,1.0,0.0,0.0,0.0,0.0,0.0,0.0,0.0,0.0,1.0,0.0,0.0,0.0,0.0,0.0,0.0,0.0,1.0,0.0,0.0,0.0,0.0,1.0,0.0,0.0,0.0,1.0,0.0,0.0,0.0,0.0,0.0,0.0,0.0,0.0,1.0,0.0,1.0,0.0,0.0,0.0,0.0,0.0,0.0,0.0,0.0,1.0,0.0,1.0,0.0,0.0,0.0,0.0,0.0,1.0,0.0,0.0,0.0,0.0,1.0,0.0,0.0,0.0,0.0,1.0,0.0,0.0
職業-專業服務,0.0,0.0,0.0,0.0,0.0,0.0,0.0,0.0,0.0,0.0,0.0,0.0,0.0,1.0,0.0,0.0,0.0,0.0,0.0,0.0,0.0,0.0,0.0,0.0,0.0,1.0,0.0,0.0,0.0,0.0,0.0,0.0,0.0,0.0,1.0,0.0,0.5,0.0,0.0,0.0,0.0,0.5,0.0,0.5,0.0,0.0,0.0,0.0,0.5,0.0,0.0,0.0,0.0,0.5,0.0,0.5,0.0,0.5,0.0,0.0,0.5,0.5,0.0,0.0,0.0,1.0,0.0,0.0,0.0,0.0,0.0,0.0,0.0,1.0,0.0,0.0,0.5,0.0,0.0,0.5,0.0,0.0,0.0,0.5,0.5,0.0,0.0,0.5,0.5,0.0,0.0,0.0,0.0,1.0,0.0,0.0,0.0,0.5,0.0,0.5,0.0,0.0,1.0,0.0,0.0,0.0
職業-民間匯兌業/虛擬貨幣產業,0.0,0.0,0.0,0.0,0.0,0.0,0.0,0.0,0.0,0.0,0.0,0.0,0.0,0.0,0.0,0.0,0.0,0.0,0.0,0.0,0.0,0.0,0.0,0.0,0.0,0.0,0.0,0.0,0.0,0.0,0.0,0.0,0.0,0.0,0.0,0.0,0.0,0.0,0.0,0.0,0.0,0.0,0.0,0.0,0.0,0.0,0.0,0.0,0.0,0.0,0.0,0.0,0.0,0.0,0.0,0.0,0.0,0.0,0.0,0.0,0.0,0.0,0.0,0.0,0.0,0.0,0.0,0.0,0.0,0.0,0.0,0.0,0.0,0.0,0.0,0.0,0.0,0.0,0.0,0.0,0.0,0.0,0.0,0.0,0.0,0.0,0.0,0.0,0.0,0.0,0.0,0.0,0.0,0.0,0.0,0.0,0.0,0.0,0.0,0.0,0.0,0.0,0.0,0.0,0.0,0.0
職業-武器設備業,0.0,0.0,0.0,0.0,0.0,0.0,0.0,0.0,0.0,0.0,0.0,0.0,0.0,0.0,0.0,0.0,0.0,0.0,0.0,0.0,0.0,0.0,0.0,0.0,0.0,0.0,0.0,0.0,0.0,0.0,0.0,0.0,0.0,0.0,0.0,0.0,0.0,0.0,0.0,0.0,0.0,0.0,0.0,0.0,0.0,0.0,0.0,0.0,0.0,0.0,0.0,0.0,0.0,0.0,0.0,0.0,0.0,0.0,0.0,0.0,0.0,0.0,0.0,0.0,0.0,0.0,0.0,0.0,0.0,0.0,0.0,0.0,0.0,0.0,0.0,0.0,0.0,0.0,0.0,0.0,0.0,0.0,0.0,0.0,0.0,0.0,0.0,0.0,0.0,0.0,0.0,0.0,0.0,0.0,0.0,0.0,0.0,0.0,0.0,0.0,0.0,0.0,0.0,0.0,0.0,0.0
職業-非營利機構,0.0,0.0,0.0,0.0,0.0,0.0,0.0,0.0,0.0,0.0,0.0,0.0,0.0,0.0,0.0,0.0,0.0,0.0,0.0,0.0,0.0,0.0,0.0,0.0,0.0,0.0,0.0,0.0,0.0,0.0,0.0,0.0,0.0,0.0,0.0,0.0,0.0,0.0,0.0,0.0,0.0,0.0,0.0,0.0,0.0,0.0,0.0,0.0,0.0,0.0,0.0,0.0,0.0,0.0,0.0,0.0,0.0,0.0,0.0,0.0,0.0,0.0,0.0,0.0,0.0,0.0,0.0,0.0,0.0,0.0,0.0,0.0,0.0,0.0,0.0,0.0,0.0,0.0,0.0,0.0,0.0,0.0,0.0,0.0,0.0,0.0,0.0,0.0,0.0,0.0,0.0,0.0,0.0,0.0,0.0,0.0,0.0,0.0,0.0,0.0,0.0,0.0,0.0,0.0,0.0,0.0
職業-高單價物品之買賣或拍賣,0.0,0.0,0.0,0.0,0.0,0.0,0.0,0.0,0.0,0.0,0.0,0.0,0.0,0.0,0.0,0.0,0.0,0.0,0.0,0.0,0.0,0.0,0.0,0.0,0.0,0.0,0.0,0.0,0.0,0.0,0.0,0.0,0.0,0.0,0.0,0.0,0.0,0.0,0.0,0.0,0.0,0.0,0.0,0.0,0.0,0.0,0.0,0.0,0.0,0.0,0.0,0.0,0.0,0.0,0.0,0.0,0.0,0.0,0.0,0.0,0.0,0.0,0.0,0.0,0.0,0.0,0.0,0.0,0.0,0.0,0.0,0.0,0.0,0.0,0.0,0.0,0.0,0.0,0.0,0.0,0.0,0.0,0.0,0.0,0.0,0.0,0.0,0.0,0.0,0.0,0.0,0.0,0.0,0.0,0.0,0.0,0.0,0.0,0.0,0.0,0.0,0.0,0.0,0.0,0.0,0.0
職業-當鋪/銀樓,0.0,0.0,0.0,0.0,0.0,0.0,0.0,0.0,0.0,0.0,0.0,0.0,0.0,0.0,0.0,0.0,0.0,0.0,0.0,0.0,0.0,0.0,0.0,0.0,0.0,0.0,0.0,0.0,0.0,0.0,0.0,0.0,0.0,0.0,0.0,0.0,0.0,0.0,0.0,0.0,0.0,0.0,0.0,0.0,0.0,0.0,0.0,0.0,0.0,0.0,0.0,0.0,0.0,0.0,0.0,0.0,0.0,0.0,0.0,0.0,0.0,0.0,0.0,0.0,0.0,0.0,0.0,0.0,0.0,0.0,0.0,0.0,0.0,0.0,0.0,0.0,0.0,0.0,0.0,0.0,0.0,0.0,0.0,0.0,0.0,0.0,0.0,0.0,0.0,0.0,0.0,0.0,0.0,0.0,0.0,0.0,0.0,0.0,0.0,0.0,0.0,0.0,0.0,0.0,0.0,0.0
職業-學齡前,0.0,0.0,0.0,0.0,0.0,0.0,0.0,0.0,0.0,0.0,0.0,0.0,0.0,0.0,0.0,0.0,0.0,0.0,0.0,1.0,0.0,0.0,0.0,0.0,0.0,0.0,0.0,0.0,0.0,0.0,1.0,1.0,0.0,0.0,0.0,0.0,0.6666666666666666,0.0,0.0,0.3333333333333333,0.0,0.0,0.6666666666666666,0.0,0.0,0.0,0.3333333333333333,0.0,0.0,0.0,0.0,0.0,0.0,0.0,0.6666666666666666,0.0,0.6666666666666666,0.3333333333333333,0.0,0.0,1.0,0.0,0.0,0.0,0.0,1.0,0.0,0.0,0.0,0.0,0.0,1.0,0.0,0.0,0.0,0.0,1.0,0.0,0.0,0.0,0.0,0.0,0.0,0.3333333333333333,0.6666666666666666,0.0,0.0,0.3333333333333333,0.6666666666666666,0.0,0.0,0.0,0.0,0.3333333333333333,0.6666666666666666,0.0,0.0,0.0,1.0,0.0,0.0,0.3333333333333333,0.3333333333333333,0.3333333333333333,0.0,0.0
職業-家管,0.0,0.0,0.0,0.0,0.0,0.0,0.0,0.0,0.0,0.0,0.0,0.0,0.0,0.0,0.0,0.0,0.0,0.0,0.0,0.0,1.0,0.0,0.0,0.0,0.4,0.1,0.0,0.0,0.0,0.0,0.5,0.1,0.5,0.2,0.1,0.1,0.1,0.7,0.1,0.4,0.0,0.3,0.1,0.1,0.1,0.0,0.3,0.2,0.1,0.0,0.0,0.0,0.1,0.2,0.1,0.4,0.6,0.0,0.0,0.0,0.7,0.3,0.0,0.0,0.0,0.9,0.1,0.0,0.0,0.1,0.0,0.0,0.1,0.1,0.5,0.3,0.8,0.0,0.0,0.1,0.1,0.3,0.0,0.3,0.2,0.2,0.1,0.4,0.3,0.1,0.1,0.0,0.3,0.6,0.1,0.0,0.1,0.4,0.3,0.1,0.1,0.4,0.5,0.1,0.0,0.0
職業-待業中,0.0,0.0,0.0,0.0,0.0,0.0,0.0,0.0,0.0,0.0,0.0,0.0,0.0,0.0,0.0,0.0,0.0,0.0,0.0,0.0,0.0,0.0,0.0,0.0,0.0,0.0,0.0,0.0,0.0,0.0,0.0,0.0,0.0,0.0,0.0,0.0,0.0,0.0,0.0,0.0,0.0,0.0,0.0,0.0,0.0,0.0,0.0,0.0,0.0,0.0,0.0,0.0,0.0,0.0,0.0,0.0,0.0,0.0,0.0,0.0,0.0,0.0,0.0,0.0,0.0,0.0,0.0,0.0,0.0,0.0,0.0,0.0,0.0,0.0,0.0,0.0,0.0,0.0,0.0,0.0,0.0,0.0,0.0,0.0,0.0,0.0,0.0,0.0,0.0,0.0,0.0,0.0,0.0,0.0,0.0,0.0,0.0,0.0,0.0,0.0,0.0,0.0,0.0,0.0,0.0,0.0
職業-自營商,0.0,0.0,0.0,0.0,0.0,0.0,0.0,0.0,0.0,0.0,0.0,0.0,0.0,0.0,0.0,0.0,0.0,0.0,0.0,0.0,0.0,0.0,1.0,0.0,0.0,0.0,0.0,0.0,0.0,1.0,0.0,0.0,0.0,1.0,0.0,0.0,0.0,0.0,0.0,0.0,0.0,1.0,0.0,0.0,0.0,0.0,0.0,0.0,0.0,0.0,0.0,0.0,0.0,1.0,0.0,0.0,0.0,1.0,0.0,0.0,0.0,1.0,0.0,0.0,0.0,1.0,0.0,0.0,0.0,0.0,0.0,0.0,0.0,0.0,1.0,0.0,0.0,1.0,0.0,0.0,0.0,0.0,0.0,1.0,0.0,0.0,0.0,0.0,1.0,0.0,0.0,0.0,0.0,1.0,0.0,0.0,0.0,0.0,1.0,0.0,0.0,0.0,0.0,1.0,0.0,0.0
職業-其他,0.0,0.0,0.0,0.0,0.0,0.0,0.0,0.0,0.0,0.0,0.0,0.0,0.0,0.0,0.0,0.0,0.0,0.0,0.0,0.0,0.0,0.0,0.0,1.0,1.0,0.0,0.0,0.0,0.0,0.0,0.0,0.0,0.3333333333333333,0.3333333333333333,0.3333333333333333,0.0,0.3333333333333333,0.3333333333333333,0.0,0.3333333333333333,0.0,0.0,0.0,0.6666666666666666,0.0,0.0,1.0,0.0,0.0,0.0,0.0,0.0,0.0,0.0,0.0,0.3333333333333333,0.6666666666666666,0.0,0.0,0.0,0.6666666666666666,0.3333333333333333,0.0,0.0,0.0,1.0,0.0,0.0,0.0,0.0,0.0,0.0,0.0,0.3333333333333333,0.3333333333333333,0.3333333333333333,1.0,0.0,0.0,0.0,0.0,0.0,0.0,0.3333333333333333,0.3333333333333333,0.3333333333333333,0.0,1.0,0.0,0.0,0.0,0.0,0.0,0.6666666666666666,0.3333333333333333,0.0,0.0,0.6666666666666666,0.0,0.3333333333333333,0.0,1.0,0.0,0.0,0.0,0.0
職務-基層職員,0.175,0.025,0.075,0.15,0.25,0.075,0.0,0.05,0.0,0.0,0.0,0.025,0.0,0.0,0.0,0.0,0.0,0.0,0.0,0.0,0.1,0.0,0.0,0.075,1.0,0.0,0.0,0.0,0.0,0.0,0.0,0.05,0.2,0.2,0.375,0.175,0.325,0.5,0.025,0.35,0.0,0.275,0.05,0.3,0.025,0.0,0.8,0.05,0.075,0.0,0.0,0.0,0.05,0.025,0.0,0.275,0.6,0.125,0.0,0.0,0.65,0.35,0.0,0.0,0.0,0.975,0.025,0.0,0.025,0.025,0.075,0.0,0.025,0.15,0.45,0.375,0.6,0.05,0.125,0.225,0.0,0.225,0.125,0.15,0.375,0.125,0.1,0.4,0.425,0.075,0.0,0.0,0.05,0.8,0.15,0.0,0.05,0.475,0.325,0.125,0.025,0.475,0.375,0.1,0.05,0.0
職務-專業人員,0.0,0.125,0.125,0.125,0.125,0.0625,0.0,0.1875,0.0,0.0,0.0,0.0625,0.0,0.125,0.0,0.0,0.0,0.0,0.0,0.0,0.0625,0.0,0.0,0.0,0.0,1.0,0.0,0.0,0.0,0.0,0.0,0.0,0.0625,0.125,0.625,0.1875,0.4375,0.1875,0.0625,0.375,0.0,0.3125,0.0625,0.25,0.0,0.0,0.5625,0.125,0.1875,0.0,0.0,0.0,0.0625,0.0625,0.0,0.3125,0.5,0.1875,0.0,0.0,0.5,0.375,0.125,0.0,0.0,0.9375,0.0625,0.0,0.0625,0.0,0.0,0.0,0.0625,0.25,0.1875,0.5,0.5625,0.125,0.125,0.1875,0.0,0.3125,0.0625,0.375,0.25,0.0,0.0625,0.4375,0.375,0.0625,0.0625,0.0,0.125,0.5,0.3125,0.0625,0.0625,0.5,0.25,0.125,0.0625,0.375,0.5,0.125,0.0,0.0
職務-技術人員,0.0,0.0,0.0,0.6666666666666666,0.0,0.16666666666666666,0.0,0.0,0.0,0.0,0.0,0.16666666666666666,0.0,0.0,0.0,0.0,0.0,0.0,0.0,0.0,0.0,0.0,0.0,0.0,0.0,0.0,1.0,0.0,0.0,0.0,0.0,0.16666666666666666,0.16666666666666666,0.0,0.5,0.16666666666666666,0.16666666666666666,0.3333333333333333,0.0,0.3333333333333333,0.0,0.16666666666666666,0.16666666666666666,0.3333333333333333,0.0,0.0,0.8333333333333334,0.0,0.16666666666666666,0.0,0.0,0.0,0.0,0.0,0.0,0.16666666666666666,0.6666666666666666,0.16666666666666666,0.0,0.0,0.6666666666666666,0.3333333333333333,0.0,0.0,0.0,1.0,0.0,0.0,0.0,0.16666666666666666,0.0,0.0,0.0,0.16666666666666666,0.16666666666666666,0.6666666666666666,0.8333333333333334,0.0,0.0,0.16666666666666666,0.0,0.16666666666666666,0.0,0.3333333333333333,0.0,0.5,0.16666666666666666,0.3333333333333333,0.3333333333333333,0.0,0.16666666666666666,0.0,0.0,0.8333333333333334,0.16666666666666666,0.0,0.16666666666666666,0.5,0.16666666666666666,0.0,0.16666666666666666,0.8333333333333334,0.0,0.16666666666666666,0.0,0.0
職務-中階主管,0.2727272727272727,0.0,0.0,0.36363636363636365,0.09090909090909091,0.09090909090909091,0.0,0.09090909090909091,0.0,0.0,0.0,0.0,0.09090909090909091,0.0,0.0,0.0,0.0,0.0,0.0,0.0,0.0,0.0,0.0,0.0,0.0,0.0,0.0,1.0,0.0,0.0,0.0,0.0,0.09090909090909091,0.09090909090909091,0.45454545454545453,0.36363636363636365,0.09090909090909091,0.45454545454545453,0.0,0.2727272727272727,0.0,0.36363636363636365,0.09090909090909091,0.2727272727272727,0.0,0.0,0.8181818181818182,0.09090909090909091,0.09090909090909091,0.0,0.0,0.0,0.0,0.0,0.0,0.09090909090909091,0.6363636363636364,0.2727272727272727,0.0,0.0,0.36363636363636365,0.5454545454545454,0.09090909090909091,0.0,0.0,1.0,0.0,0.0,0.09090909090909091,0.0,0.0,0.0,0.09090909090909091,0.18181818181818182,0.2727272727272727,0.45454545454545453,0.9090909090909091,0.0,0.0,0.09090909090909091,0.0,0.36363636363636365,0.0,0.18181818181818182,0.0,0.45454545454545453,0.09090909090909091,0.45454545454545453,0.2727272727272727,0.18181818181818182,0.0,0.0,0.09090909090909091,0.7272727272727273,0.18181818181818182,0.0,0.0,0.5454545454545454,0.36363636363636365,0.09090909090909091,0.0,0.2727272727272727,0.45454545454545453,0.2727272727272727,0.0,0.0
職務-高階主管,0.0,0.0,0.5,0.0,0.0,0.5,0.0,0.0,0.0,0.0,0.0,0.0,0.0,0.0,0.0,0.0,0.0,0.0,0.0,0.0,0.0,0.0,0.0,0.0,0.0,0.0,0.0,0.0,1.0,0.0,0.0,0.0,0.0,0.0,0.5,0.5,0.0,0.5,0.0,0.5,0.0,0.0,0.0,0.5,0.0,0.0,1.0,0.0,0.0,0.0,0.0,0.0,0.0,0.0,0.0,0.0,0.0,1.0,0.0,0.0,0.0,0.5,0.5,0.0,0.0,0.5,0.5,0.0,0.0,0.0,0.0,0.0,0.0,0.5,0.5,0.0,0.5,0.0,0.0,0.0,0.5,0.5,0.0,0.0,0.5,0.0,0.0,0.0,1.0,0.0,0.0,0.0,0.0,1.0,0.0,0.0,0.0,0.5,0.5,0.0,0.0,0.0,0.0,1.0,0.0,0.0
職務-企業負責人,0.0,0.0,0.0,0.0,0.5,0.0,0.0,0.0,0.0,0.0,0.0,0.0,0.0,0.0,0.0,0.0,0.0,0.0,0.0,0.0,0.0,0.0,0.5,0.0,0.0,0.0,0.0,0.0,0.0,1.0,0.0,0.0,0.0,0.5,0.5,0.0,0.0,0.5,0.0,0.0,0.0,1.0,0.0,0.0,0.0,0.0,0.5,0.0,0.0,0.0,0.0,0.0,0.0,0.5,0.0,0.0,0.5,0.5,0.0,0.0,0.0,1.0,0.0,0.0,0.0,0.5,0.5,0.0,0.0,0.0,0.0,0.0,0.0,0.0,1.0,0.0,0.5,0.5,0.0,0.0,0.0,0.0,0.0,0.5,0.0,0.5,0.0,0.0,1.0,0.0,0.0,0.0,0.0,1.0,0.0,0.0,0.0,0.5,0.5,0.0,0.0,0.0,0.5,0.5,0.0,0.0
職務-其他,0.0,0.0,0.0,0.0,0.041666666666666664,0.0,0.25,0.375,0.0,0.0,0.0,0.0,0.0,0.0,0.0,0.0,0.0,0.0,0.0,0.125,0.20833333333333334,0.0,0.0,0.0,0.0,0.0,0.0,0.0,0.0,0.0,1.0,0.375,0.20833333333333334,0.041666666666666664,0.3333333333333333,0.041666666666666664,0.25,0.5416666666666666,0.0,0.20833333333333334,0.0,0.16666666666666666,0.20833333333333334,0.3333333333333333,0.08333333333333333,0.0,0.125,0.4166666666666667,0.125,0.125,0.0,0.0,0.0,0.041666666666666664,0.16666666666666666,0.20833333333333334,0.5833333333333334,0.20833333333333334,0.0,0.0,0.5833333333333334,0.375,0.041666666666666664,0.0,0.0,0.9583333333333334,0.041666666666666664,0.0,0.125,0.041666666666666664,0.041666666666666664,0.375,0.20833333333333334,0.08333333333333333,0.20833333333333334,0.125,0.5833333333333334,0.125,0.0,0.20833333333333334,0.08333333333333333,0.125,0.125,0.3333333333333333,0.3333333333333333,0.08333333333333333,0.041666666666666664,0.4583333333333333,0.3333333333333333,0.08333333333333333,0.08333333333333333,0.0,0.0,0.7916666666666666,0.20833333333333334,0.0,0.0,0.4166666666666667,0.5,0.041666666666666664,0.041666666666666664,0.20833333333333334,0.4166666666666667,0.2916666666666667,0.041666666666666664,0.041666666666666664
學歷-國中(含以下),0.0,0.0,0.0,0.08333333333333333,0.0,0.0,0.25,0.25,0.0,0.0,0.0,0.08333333333333333,0.0,0.0,0.0,0.0,0.0,0.0,0.0,0.25,0.08333333333333333,0.0,0.0,0.0,0.16666666666666666,0.0,0.08333333333333333,0.0,0.0,0.0,0.75,1.0,0.0,0.0,0.0,0.0,0.3333333333333333,0.4166666666666667,0.0,0.16666666666666666,0.0,0.08333333333333333,0.25,0.5,0.0,0.0,0.16666666666666666,0.16666666666666666,0.16666666666666666,0.25,0.0,0.0,0.08333333333333333,0.0,0.16666666666666666,0.08333333333333333,0.5833333333333334,0.3333333333333333,0.0,0.0,0.75,0.16666666666666666,0.08333333333333333,0.0,0.0,1.0,0.0,0.0,0.25,0.25,0.0,0.5833333333333334,0.25,0.08333333333333333,0.08333333333333333,0.0,0.5833333333333334,0.16666666666666666,0.0,0.16666666666666666,0.08333333333333333,0.0,0.16666666666666666,0.4166666666666667,0.3333333333333333,0.08333333333333333,0.0,0.25,0.5833333333333334,0.08333333333333333,0.08333333333333333,0.0,0.0,0.8333333333333334,0.16666666666666666,0.0,0.0,0.3333333333333333,0.5833333333333334,0.08333333333333333,0.0,0.25,0.16666666666666666,0.4166666666666667,0.08333333333333333,0.08333333333333333
學歷-高中,0.0,0.0625,0.0,0.1875,0.1875,0.0625,0.0,0.125,0.0,0.0,0.0,0.0,0.0,0.0,0.0,0.0,0.0,0.0,0.0,0.0,0.3125,0.0,0.0,0.0625,0.5,0.0625,0.0625,0.0625,0.0,0.0,0.3125,0.0,1.0,0.0,0.0,0.0,0.0625,0.625,0.0,0.375,0.0,0.3125,0.125,0.0625,0.125,0.0,0.6875,0.1875,0.0,0.0,0.0,0.0,0.0625,0.0625,0.0,0.4375,0.5625,0.0,0.0,0.0,0.75,0.25,0.0,0.0,0.0,1.0,0.0,0.0,0.0,0.0,0.0,0.0,0.0,0.3125,0.625,0.0625,0.75,0.0,0.0625,0.1875,0.0,0.375,0.0625,0.1875,0.25,0.125,0.125,0.4375,0.3125,0.0,0.125,0.0,0.125,0.8125,0.0625,0.0,0.0,0.5,0.25,0.1875,0.0625,0.3125,0.4375,0.1875,0.0625,0.0
學歷-專科,0.15384615384615385,0.0,0.15384615384615385,0.07692307692307693,0.15384615384615385,0.0,0.0,0.07692307692307693,0.0,0.0,0.0,0.0,0.07692307692307693,0.0,0.0,0.0,0.0,0.0,0.0,0.0,0.15384615384615385,0.0,0.07692307692307693,0.07692307692307693,0.6153846153846154,0.15384615384615385,0.0,0.07692307692307693,0.0,0.07692307692307693,0.07692307692307693,0.0,0.0,1.0,0.0,0.0,0.3076923076923077,0.46153846153846156,0.0,0.5384615384615384,0.0,0.38461538461538464,0.0,0.07692307692307693,0.0,0.0,0.6153846153846154,0.07692307692307693,0.15384615384615385,0.0,0.0,0.0,0.0,0.07692307692307693,0.07692307692307693,0.07692307692307693,0.6923076923076923,0.23076923076923078,0.0,0.0,0.23076923076923078,0.6923076923076923,0.07692307692307693,0.0,0.0,1.0,0.0,0.0,0.0,0.0,0.07692307692307693,0.0,0.0,0.23076923076923078,0.46153846153846156,0.3076923076923077,0.6923076923076923,0.15384615384615385,0.07692307692307693,0.07692307692307693,0.0,0.0,0.23076923076923078,0.3076923076923077,0.23076923076923078,0.23076923076923078,0.0,0.46153846153846156,0.46153846153846156,0.07692307692307693,0.0,0.0,0.0,0.7692307692307693,0.15384615384615385,0.07692307692307693,0.0,0.46153846153846156,0.46153846153846156,0.07692307692307693,0.0,0.46153846153846156,0.15384615384615385,0.38461538461538464,0.0,0.0
學歷-大學,0.046511627906976744,0.023255813953488372,0.06976744186046512,0.18604651162790697,0.20930232558139536,0.09302325581395349,0.06976744186046512,0.16279069767441862,0.0,0.0,0.0,0.046511627906976744,0.0,0.046511627906976744,0.0,0.0,0.0,0.0,0.0,0.0,0.023255813953488372,0.0,0.0,0.023255813953488372,0.3488372093023256,0.23255813953488372,0.06976744186046512,0.11627906976744186,0.023255813953488372,0.023255813953488372,0.18604651162790697,0.0,0.0,0.0,1.0,0.0,0.32558139534883723,0.3953488372093023,0.023255813953488372,0.23255813953488372,0.0,0.27906976744186046,0.046511627906976744,0.4186046511627907,0.023255813953488372,0.0,0.6511627906976745,0.16279069767441862,0.13953488372093023,0.0,0.0,0.0,0.0,0.023255813953488372,0.023255813953488372,0.27906976744186046,0.5116279069767442,0.20930232558139536,0.0,0.0,0.6046511627906976,0.3488372093023256,0.046511627906976744,0.0,0.0,0.9302325581395349,0.06976744186046512,0.0,0.06976744186046512,0.0,0.046511627906976744,0.046511627906976744,0.09302325581395349,0.16279069767441862,0.20930232558139536,0.4883720930232558,0.6046511627906976,0.09302325581395349,0.11627906976744186,0.16279069767441862,0.023255813953488372,0.2558139534883721,0.046511627906976744,0.2558139534883721,0.27906976744186046,0.16279069767441862,0.09302325581395349,0.4883720930232558,0.27906976744186046,0.11627906976744186,0.023255813953488372,0.0,0.023255813953488372,0.6744186046511628,0.3023255813953488,0.0,0.09302325581395349,0.4418604651162791,0.3488372093023256,0.06976744186046512,0.046511627906976744,0.3953488372093023,0.46511627906976744,0.11627906976744186,0.023255813953488372,0.0
學歷-碩士/博士 ,0.35294117647058826,0.058823529411764705,0.058823529411764705,0.17647058823529413,0.058823529411764705,0.11764705882352941,0.0,0.11764705882352941,0.0,0.0,0.0,0.0,0.0,0.0,0.0,0.0,0.0,0.0,0.0,0.0,0.058823529411764705,0.0,0.0,0.0,0.4117647058823529,0.17647058823529413,0.058823529411764705,0.23529411764705882,0.058823529411764705,0.0,0.058823529411764705,0.0,0.0,0.0,0.0,1.0,0.29411764705882354,0.4117647058823529,0.058823529411764705,0.35294117647058826,0.0,0.23529411764705882,0.17647058823529413,0.23529411764705882,0.0,0.0,0.7058823529411765,0.11764705882352941,0.058823529411764705,0.0,0.0,0.0,0.058823529411764705,0.058823529411764705,0.0,0.11764705882352941,0.6470588235294118,0.23529411764705882,0.0,0.0,0.35294117647058826,0.5882352941176471,0.058823529411764705,0.0,0.0,0.8823529411764706,0.11764705882352941,0.0,0.0,0.0,0.058823529411764705,0.0,0.058823529411764705,0.0,0.4117647058823529,0.5294117647058824,0.5882352941176471,0.0,0.0,0.35294117647058826,0.058823529411764705,0.35294117647058826,0.058823529411764705,0.11764705882352941,0.29411764705882354,0.17647058823529413,0.11764705882352941,0.23529411764705882,0.5882352941176471,0.058823529411764705,0.0,0.0,0.11764705882352941,0.8235294117647058,0.058823529411764705,0.0,0.0,0.6470588235294118,0.23529411764705882,0.058823529411764705,0.058823529411764705,0.4117647058823529,0.47058823529411764,0.11764705882352941,0.0,0.0
婚姻狀況-未婚,0.14285714285714285,0.03571428571428571,0.03571428571428571,0.25,0.10714285714285714,0.10714285714285714,0.10714285714285714,0.03571428571428571,0.0,0.0,0.0,0.0,0.0,0.03571428571428571,0.0,0.0,0.0,0.0,0.0,0.07142857142857142,0.03571428571428571,0.0,0.0,0.03571428571428571,0.4642857142857143,0.25,0.03571428571428571,0.03571428571428571,0.0,0.0,0.21428571428571427,0.14285714285714285,0.03571428571428571,0.14285714285714285,0.5,0.17857142857142858,1.0,0.0,0.0,0.21428571428571427,0.0,0.32142857142857145,0.07142857142857142,0.35714285714285715,0.03571428571428571,0.0,0.7142857142857143,0.0,0.10714285714285714,0.07142857142857142,0.0,0.0,0.0,0.03571428571428571,0.07142857142857142,0.21428571428571427,0.6428571428571429,0.14285714285714285,0.0,0.0,0.5,0.4642857142857143,0.03571428571428571,0.0,0.0,0.9642857142857143,0.03571428571428571,0.0,0.0,0.0,0.07142857142857142,0.14285714285714285,0.0,0.10714285714285714,0.17857142857142858,0.5714285714285714,0.6785714285714286,0.10714285714285714,0.07142857142857142,0.14285714285714285,0.0,0.17857142857142858,0.03571428571428571,0.2857142857142857,0.35714285714285715,0.14285714285714285,0.17857142857142858,0.39285714285714285,0.39285714285714285,0.03571428571428571,0.0,0.0,0.0,0.75,0.21428571428571427,0.03571428571428571,0.03571428571428571,0.39285714285714285,0.32142857142857145,0.10714285714285714,0.14285714285714285,0.42857142857142855,0.39285714285714285,0.14285714285714285,0.0,0.03571428571428571
婚姻狀況-已婚有子女,0.13333333333333333,0.044444444444444446,0.08888888888888889,0.08888888888888889,0.15555555555555556,0.044444444444444446,0.0,0.24444444444444444,0.0,0.0,0.0,0.022222222222222223,0.0,0.0,0.0,0.0,0.0,0.0,0.0,0.0,0.15555555555555556,0.0,0.0,0.022222222222222223,0.4444444444444444,0.06666666666666667,0.044444444444444446,0.1111111111111111,0.022222222222222223,0.022222222222222223,0.28888888888888886,0.1111111111111111,0.2222222222222222,0.13333333333333333,0.37777777777777777,0.15555555555555556,0.0,1.0,0.0,0.26666666666666666,0.0,0.3111111111111111,0.13333333333333333,0.24444444444444444,0.044444444444444446,0.0,0.5777777777777777,0.26666666666666666,0.08888888888888889,0.0,0.0,0.0,0.044444444444444446,0.0,0.022222222222222223,0.13333333333333333,0.6888888888888889,0.17777777777777778,0.0,0.0,0.5555555555555556,0.35555555555555557,0.08888888888888889,0.0,0.0,0.9555555555555556,0.044444444444444446,0.0,0.1111111111111111,0.06666666666666667,0.044444444444444446,0.044444444444444446,0.15555555555555556,0.2,0.4222222222222222,0.17777777777777778,0.6666666666666666,0.044444444444444446,0.044444444444444446,0.2,0.044444444444444446,0.15555555555555556,0.15555555555555556,0.2222222222222222,0.28888888888888886,0.17777777777777778,0.044444444444444446,0.28888888888888886,0.5111111111111111,0.13333333333333333,0.022222222222222223,0.0,0.044444444444444446,0.7777777777777778,0.17777777777777778,0.0,0.022222222222222223,0.5333333333333333,0.35555555555555557,0.08888888888888889,0.0,0.3333333333333333,0.4444444444444444,0.2,0.022222222222222223,0.0
婚姻狀況-已婚無子女,0.0,0.0,0.0,0.0,0.5,0.0,0.0,0.0,0.0,0.0,0.0,0.0,0.0,0.0,0.0,0.0,0.0,0.0,0.0,0.0,0.5,0.0,0.0,0.0,0.5,0.5,0.0,0.0,0.0,0.0,0.0,0.0,0.0,0.0,0.5,0.5,0.0,0.0,1.0,1.0,0.0,0.0,0.0,0.0,0.0,0.0,0.5,0.0,0.0,0.0,0.0,0.0,0.0,0.5,0.0,0.5,0.5,0.0,0.0,0.0,1.0,0.0,0.0,0.0,0.0,0.5,0.5,0.0,0.0,0.0,0.0,0.0,0.0,0.0,0.0,1.0,1.0,0.0,0.0,0.0,0.0,1.0,0.0,0.0,0.0,0.0,0.0,0.5,0.5,0.0,0.0,0.0,0.5,0.0,0.5,0.0,0.0,0.5,0.5,0.0,0.0,0.0,1.0,0.0,0.0,0.0
投資目的-閒置資金運用,0.12903225806451613,0.03225806451612903,0.0967741935483871,0.12903225806451613,0.16129032258064516,0.06451612903225806,0.0,0.12903225806451613,0.0,0.0,0.0,0.03225806451612903,0.03225806451612903,0.0,0.0,0.0,0.0,0.0,0.0,0.03225806451612903,0.12903225806451613,0.0,0.0,0.03225806451612903,0.45161290322580644,0.1935483870967742,0.06451612903225806,0.0967741935483871,0.03225806451612903,0.0,0.16129032258064516,0.06451612903225806,0.1935483870967742,0.22580645161290322,0.3225806451612903,0.1935483870967742,0.1935483870967742,0.3870967741935484,0.06451612903225806,1.0,0.0,0.0,0.0,0.0,0.0,0.0,0.7096774193548387,0.12903225806451613,0.03225806451612903,0.0,0.0,0.0,0.03225806451612903,0.03225806451612903,0.06451612903225806,0.25806451612903225,0.5806451612903226,0.16129032258064516,0.0,0.0,0.5806451612903226,0.3870967741935484,0.03225806451612903,0.0,0.0,0.9354838709677419,0.06451612903225806,0.0,0.03225806451612903,0.0,0.03225806451612903,0.03225806451612903,0.06451612903225806,0.12903225806451613,0.3870967741935484,0.3870967741935484,0.7096774193548387,0.06451612903225806,0.03225806451612903,0.12903225806451613,0.06451612903225806,0.45161290322580644,0.16129032258064516,0.1935483870967742,0.0967741935483871,0.0967741935483871,0.06451612903225806,0.41935483870967744,0.3548387096774194,0.06451612903225806,0.0967741935483871,0.0,0.06451612903225806,0.7096774193548387,0.22580645161290322,0.0,0.03225806451612903,0.5161290322580645,0.3548387096774194,0.0967741935483871,0.0,0.3870967741935484,0.25806451612903225,0.2903225806451613,0.06451612903225806,0.0
投資目的-節稅,0.0,0.0,0.0,0.0,0.0,0.0,0.0,0.0,0.0,0.0,0.0,0.0,0.0,0.0,0.0,0.0,0.0,0.0,0.0,0.0,0.0,0.0,0.0,0.0,0.0,0.0,0.0,0.0,0.0,0.0,0.0,0.0,0.0,0.0,0.0,0.0,0.0,0.0,0.0,0.0,0.0,0.0,0.0,0.0,0.0,0.0,0.0,0.0,0.0,0.0,0.0,0.0,0.0,0.0,0.0,0.0,0.0,0.0,0.0,0.0,0.0,0.0,0.0,0.0,0.0,0.0,0.0,0.0,0.0,0.0,0.0,0.0,0.0,0.0,0.0,0.0,0.0,0.0,0.0,0.0,0.0,0.0,0.0,0.0,0.0,0.0,0.0,0.0,0.0,0.0,0.0,0.0,0.0,0.0,0.0,0.0,0.0,0.0,0.0,0.0,0.0,0.0,0.0,0.0,0.0,0.0
投資目的-儲備退休金,0.1111111111111111,0.0,0.037037037037037035,0.18518518518518517,0.1111111111111111,0.1111111111111111,0.0,0.25925925925925924,0.0,0.0,0.0,0.0,0.0,0.037037037037037035,0.0,0.0,0.0,0.0,0.0,0.0,0.1111111111111111,0.0,0.037037037037037035,0.0,0.4074074074074074,0.18518518518518517,0.037037037037037035,0.14814814814814814,0.0,0.07407407407407407,0.14814814814814814,0.037037037037037035,0.18518518518518517,0.18518518518518517,0.4444444444444444,0.14814814814814814,0.3333333333333333,0.5185185185185185,0.0,0.0,0.0,1.0,0.0,0.0,0.0,0.0,0.5555555555555556,0.25925925925925924,0.1111111111111111,0.0,0.0,0.0,0.0,0.07407407407407407,0.0,0.2962962962962963,0.6296296296296297,0.07407407407407407,0.0,0.0,0.5925925925925926,0.4074074074074074,0.0,0.0,0.0,0.9629629629629629,0.037037037037037035,0.0,0.1111111111111111,0.0,0.07407407407407407,0.037037037037037035,0.1111111111111111,0.25925925925925924,0.37037037037037035,0.2222222222222222,0.6296296296296297,0.1111111111111111,0.1111111111111111,0.14814814814814814,0.0,0.14814814814814814,0.0,0.2962962962962963,0.3333333333333333,0.2222222222222222,0.1111111111111111,0.37037037037037035,0.37037037037037035,0.14814814814814814,0.0,0.0,0.07407407407407407,0.7407407407407407,0.14814814814814814,0.037037037037037035,0.0,0.3333333333333333,0.4444444444444444,0.07407407407407407,0.14814814814814814,0.48148148148148145,0.4074074074074074,0.1111111111111111,0.0,0.0
投資目的-子女教育基金,0.1,0.1,0.0,0.0,0.3,0.1,0.1,0.0,0.0,0.0,0.0,0.0,0.0,0.0,0.0,0.0,0.0,0.0,0.0,0.2,0.1,0.0,0.0,0.0,0.2,0.1,0.1,0.1,0.0,0.0,0.5,0.3,0.2,0.0,0.2,0.3,0.2,0.6,0.0,0.0,0.0,0.0,1.0,0.0,0.0,0.0,0.6,0.1,0.1,0.1,0.0,0.0,0.0,0.0,0.1,0.1,0.6,0.3,0.0,0.0,0.6,0.3,0.1,0.0,0.0,1.0,0.0,0.0,0.0,0.0,0.0,0.3,0.0,0.0,0.5,0.2,0.8,0.0,0.0,0.2,0.0,0.1,0.0,0.2,0.6,0.1,0.0,0.3,0.6,0.0,0.1,0.0,0.1,0.5,0.4,0.0,0.0,0.8,0.2,0.0,0.0,0.2,0.6,0.1,0.1,0.0
投資目的-追求長期投資報酬,0.06666666666666667,0.03333333333333333,0.03333333333333333,0.23333333333333334,0.13333333333333333,0.03333333333333333,0.16666666666666666,0.1,0.0,0.0,0.0,0.06666666666666667,0.0,0.03333333333333333,0.0,0.0,0.0,0.0,0.0,0.0,0.03333333333333333,0.0,0.0,0.06666666666666667,0.4,0.13333333333333333,0.06666666666666667,0.1,0.03333333333333333,0.0,0.26666666666666666,0.2,0.03333333333333333,0.03333333333333333,0.6,0.13333333333333333,0.3333333333333333,0.36666666666666664,0.0,0.0,0.0,0.0,0.0,1.0,0.0,0.0,0.5333333333333333,0.06666666666666667,0.2,0.06666666666666667,0.0,0.0,0.06666666666666667,0.03333333333333333,0.03333333333333333,0.2,0.4666666666666667,0.3333333333333333,0.0,0.0,0.4666666666666667,0.43333333333333335,0.1,0.0,0.0,0.9333333333333333,0.06666666666666667,0.0,0.06666666666666667,0.1,0.03333333333333333,0.13333333333333333,0.1,0.16666666666666666,0.13333333333333333,0.4666666666666667,0.4666666666666667,0.1,0.1,0.3,0.03333333333333333,0.1,0.13333333333333333,0.26666666666666666,0.3333333333333333,0.16666666666666666,0.06666666666666667,0.4666666666666667,0.4,0.06666666666666667,0.0,0.0,0.0,0.8666666666666667,0.13333333333333333,0.0,0.1,0.43333333333333335,0.3333333333333333,0.13333333333333333,0.0,0.3333333333333333,0.43333333333333335,0.2,0.0,0.03333333333333333
投資目的-資金調度,0.0,0.0,0.3333333333333333,0.0,0.0,0.0,0.0,0.3333333333333333,0.0,0.0,0.0,0.0,0.0,0.0,0.0,0.0,0.0,0.0,0.0,0.0,0.3333333333333333,0.0,0.0,0.0,0.3333333333333333,0.0,0.0,0.0,0.0,0.0,0.6666666666666666,0.0,0.6666666666666666,0.0,0.3333333333333333,0.0,0.3333333333333333,0.6666666666666666,0.0,0.0,0.0,0.0,0.0,0.0,1.0,0.0,0.6666666666666666,0.3333333333333333,0.0,0.0,0.0,0.0,0.0,0.0,0.0,0.0,1.0,0.0,0.0,0.0,0.6666666666666666,0.3333333333333333,0.0,0.0,0.0,1.0,0.0,0.0,0.0,0.0,0.0,0.0,0.0,0.0,0.6666666666666666,0.3333333333333333,1.0,0.0,0.0,0.0,0.0,0.3333333333333333,0.0,0.3333333333333333,0.0,0.3333333333333333,0.3333333333333333,0.3333333333333333,0.3333333333333333,0.0,0.0,0.0,0.0,1.0,0.0,0.0,0.0,0.6666666666666666,0.3333333333333333,0.0,0.0,0.3333333333333333,0.3333333333333333,0.3333333333333333,0.0,0.0
投資目的-其他,0.0,0.0,0.0,0.0,0.0,0.0,0.0,0.0,0.0,0.0,0.0,0.0,0.0,0.0,0.0,0.0,0.0,0.0,0.0,0.0,0.0,0.0,0.0,0.0,0.0,0.0,0.0,0.0,0.0,0.0,0.0,0.0,0.0,0.0,0.0,0.0,0.0,0.0,0.0,0.0,0.0,0.0,0.0,0.0,0.0,0.0,0.0,0.0,0.0,0.0,0.0,0.0,0.0,0.0,0.0,0.0,0.0,0.0,0.0,0.0,0.0,0.0,0.0,0.0,0.0,0.0,0.0,0.0,0.0,0.0,0.0,0.0,0.0,0.0,0.0,0.0,0.0,0.0,0.0,0.0,0.0,0.0,0.0,0.0,0.0,0.0,0.0,0.0,0.0,0.0,0.0,0.0,0.0,0.0,0.0,0.0,0.0,0.0,0.0,0.0,0.0,0.0,0.0,0.0,0.0,0.0
投資基金來源-薪資收入,0.14754098360655737,0.04918032786885246,0.08196721311475409,0.26229508196721313,0.19672131147540983,0.11475409836065574,0.0,0.0,0.0,0.0,0.0,0.03278688524590164,0.0,0.0,0.0,0.0,0.0,0.0,0.0,0.01639344262295082,0.04918032786885246,0.0,0.0,0.04918032786885246,0.5245901639344263,0.14754098360655737,0.08196721311475409,0.14754098360655737,0.03278688524590164,0.01639344262295082,0.04918032786885246,0.03278688524590164,0.18032786885245902,0.13114754098360656,0.45901639344262296,0.19672131147540983,0.32786885245901637,0.4262295081967213,0.01639344262295082,0.36065573770491804,0.0,0.2459016393442623,0.09836065573770492,0.26229508196721313,0.03278688524590164,0.0,1.0,0.0,0.0,0.0,0.0,0.0,0.0,0.0,0.0,0.21311475409836064,0.5901639344262295,0.19672131147540983,0.0,0.0,0.5245901639344263,0.4098360655737705,0.06557377049180328,0.0,0.0,0.9672131147540983,0.03278688524590164,0.0,0.0,0.01639344262295082,0.03278688524590164,0.01639344262295082,0.0,0.11475409836065574,0.36065573770491804,0.5081967213114754,0.7213114754098361,0.04918032786885246,0.08196721311475409,0.13114754098360656,0.01639344262295082,0.2786885245901639,0.06557377049180328,0.18032786885245902,0.2786885245901639,0.19672131147540983,0.13114754098360656,0.4098360655737705,0.39344262295081966,0.03278688524590164,0.03278688524590164,0.0,0.04918032786885246,0.7868852459016393,0.16393442622950818,0.0,0.06557377049180328,0.5573770491803278,0.2459016393442623,0.08196721311475409,0.04918032786885246,0.4918032786885246,0.36065573770491804,0.13114754098360656,0.01639344262295082,0.0
投資基金來源-退休金,0.0,0.0,0.0,0.0,0.0,0.0,0.0,0.8666666666666667,0.0,0.0,0.0,0.0,0.0,0.0,0.0,0.0,0.0,0.0,0.0,0.0,0.13333333333333333,0.0,0.0,0.0,0.13333333333333333,0.13333333333333333,0.0,0.06666666666666667,0.0,0.0,0.6666666666666666,0.13333333333333333,0.2,0.06666666666666667,0.4666666666666667,0.13333333333333333,0.0,0.8,0.0,0.26666666666666666,0.0,0.4666666666666667,0.06666666666666667,0.13333333333333333,0.06666666666666667,0.0,0.0,1.0,0.0,0.0,0.0,0.0,0.0,0.0,0.0,0.26666666666666666,0.6666666666666666,0.06666666666666667,0.0,0.0,0.6,0.4,0.0,0.0,0.0,0.9333333333333333,0.06666666666666667,0.0,0.3333333333333333,0.0,0.06666666666666667,0.13333333333333333,0.4,0.2,0.26666666666666666,0.0,0.4666666666666667,0.13333333333333333,0.0,0.3333333333333333,0.06666666666666667,0.26666666666666666,0.13333333333333333,0.2,0.4,0.0,0.0,0.4666666666666667,0.2,0.26666666666666666,0.06666666666666667,0.0,0.0,0.8,0.2,0.0,0.0,0.26666666666666666,0.6666666666666666,0.06666666666666667,0.0,0.2,0.4666666666666667,0.26666666666666666,0.06666666666666667,0.0
投資基金來源-投資收益,0.0,0.0,0.09090909090909091,0.0,0.2727272727272727,0.0,0.18181818181818182,0.09090909090909091,0.0,0.0,0.0,0.09090909090909091,0.09090909090909091,0.09090909090909091,0.0,0.0,0.0,0.0,0.0,0.0,0.09090909090909091,0.0,0.0,0.0,0.2727272727272727,0.2727272727272727,0.09090909090909091,0.09090909090909091,0.0,0.0,0.2727272727272727,0.18181818181818182,0.0,0.18181818181818182,0.5454545454545454,0.09090909090909091,0.2727272727272727,0.36363636363636365,0.0,0.09090909090909091,0.0,0.2727272727272727,0.09090909090909091,0.5454545454545454,0.0,0.0,0.0,0.0,1.0,0.0,0.0,0.0,0.0,0.0,0.0,0.2727272727272727,0.7272727272727273,0.0,0.0,0.0,0.7272727272727273,0.2727272727272727,0.0,0.0,0.0,0.9090909090909091,0.09090909090909091,0.0,0.0,0.18181818181818182,0.0,0.09090909090909091,0.09090909090909091,0.36363636363636365,0.36363636363636365,0.09090909090909091,0.36363636363636365,0.09090909090909091,0.18181818181818182,0.2727272727272727,0.09090909090909091,0.0,0.0,0.6363636363636364,0.18181818181818182,0.18181818181818182,0.0,0.5454545454545454,0.45454545454545453,0.0,0.0,0.0,0.0,0.6363636363636364,0.2727272727272727,0.09090909090909091,0.0,0.5454545454545454,0.36363636363636365,0.09090909090909091,0.0,0.18181818181818182,0.45454545454545453,0.36363636363636365,0.0,0.0
投資基金來源-繼承/贈與,0.0,0.0,0.0,0.0,0.0,0.0,1.0,0.0,0.0,0.0,0.0,0.0,0.0,0.0,0.0,0.0,0.0,0.0,0.0,0.0,0.0,0.0,0.0,0.0,0.0,0.0,0.0,0.0,0.0,0.0,1.0,1.0,0.0,0.0,0.0,0.0,0.6666666666666666,0.0,0.0,0.0,0.0,0.0,0.3333333333333333,0.6666666666666666,0.0,0.0,0.0,0.0,0.0,1.0,0.0,0.0,0.0,0.0,0.0,0.0,0.0,1.0,0.0,0.0,0.0,0.6666666666666666,0.3333333333333333,0.0,0.0,1.0,0.0,0.0,0.0,0.0,0.0,1.0,0.0,0.0,0.0,0.0,0.6666666666666666,0.3333333333333333,0.0,0.0,0.0,0.0,0.3333333333333333,0.3333333333333333,0.3333333333333333,0.0,0.0,0.3333333333333333,0.6666666666666666,0.0,0.0,0.0,0.0,1.0,0.0,0.0,0.0,0.3333333333333333,0.3333333333333333,0.3333333333333333,0.0,0.0,0.0,0.3333333333333333,0.3333333333333333,0.3333333333333333
投資基金來源-借貸,0.0,0.0,0.0,0.0,0.0,0.0,0.0,0.0,0.0,0.0,0.0,0.0,0.0,0.0,0.0,0.0,0.0,0.0,0.0,0.0,0.0,0.0,0.0,0.0,0.0,0.0,0.0,0.0,0.0,0.0,0.0,0.0,0.0,0.0,0.0,0.0,0.0,0.0,0.0,0.0,0.0,0.0,0.0,0.0,0.0,0.0,0.0,0.0,0.0,0.0,0.0,0.0,0.0,0.0,0.0,0.0,0.0,0.0,0.0,0.0,0.0,0.0,0.0,0.0,0.0,0.0,0.0,0.0,0.0,0.0,0.0,0.0,0.0,0.0,0.0,0.0,0.0,0.0,0.0,0.0,0.0,0.0,0.0,0.0,0.0,0.0,0.0,0.0,0.0,0.0,0.0,0.0,0.0,0.0,0.0,0.0,0.0,0.0,0.0,0.0,0.0,0.0,0.0,0.0,0.0,0.0
投資基金來源-出售資產,0.0,0.0,0.0,0.0,0.0,0.0,0.0,0.0,0.0,0.0,0.0,0.0,0.0,0.0,0.0,0.0,0.0,0.0,0.0,0.0,0.0,0.0,0.0,0.0,0.0,0.0,0.0,0.0,0.0,0.0,0.0,0.0,0.0,0.0,0.0,0.0,0.0,0.0,0.0,0.0,0.0,0.0,0.0,0.0,0.0,0.0,0.0,0.0,0.0,0.0,0.0,0.0,0.0,0.0,0.0,0.0,0.0,0.0,0.0,0.0,0.0,0.0,0.0,0.0,0.0,0.0,0.0,0.0,0.0,0.0,0.0,0.0,0.0,0.0,0.0,0.0,0.0,0.0,0.0,0.0,0.0,0.0,0.0,0.0,0.0,0.0,0.0,0.0,0.0,0.0,0.0,0.0,0.0,0.0,0.0,0.0,0.0,0.0,0.0,0.0,0.0,0.0,0.0,0.0,0.0,0.0
投資基金來源-租賃收入,0.3333333333333333,0.0,0.0,0.0,0.0,0.0,0.0,0.3333333333333333,0.0,0.0,0.0,0.0,0.0,0.0,0.0,0.0,0.0,0.0,0.0,0.0,0.3333333333333333,0.0,0.0,0.0,0.6666666666666666,0.3333333333333333,0.0,0.0,0.0,0.0,0.0,0.3333333333333333,0.3333333333333333,0.0,0.0,0.3333333333333333,0.0,0.6666666666666666,0.0,0.3333333333333333,0.0,0.0,0.0,0.6666666666666666,0.0,0.0,0.0,0.0,0.0,0.0,0.0,0.0,1.0,0.0,0.0,0.3333333333333333,0.3333333333333333,0.3333333333333333,0.0,0.0,0.6666666666666666,0.3333333333333333,0.0,0.0,0.0,1.0,0.0,0.0,0.3333333333333333,0.0,0.3333333333333333,0.0,0.3333333333333333,0.3333333333333333,0.3333333333333333,0.0,0.3333333333333333,0.0,0.0,0.6666666666666666,0.0,0.3333333333333333,0.6666666666666666,0.0,0.0,0.0,0.0,0.0,0.3333333333333333,0.3333333333333333,0.3333333333333333,0.0,0.3333333333333333,0.3333333333333333,0.3333333333333333,0.0,0.0,0.3333333333333333,0.3333333333333333,0.3333333333333333,0.0,0.0,0.6666666666666666,0.3333333333333333,0.0,0.0
投資基金來源-自營收入,0.0,0.0,0.0,0.0,0.0,0.0,0.0,0.0,0.0,0.0,0.0,0.0,0.0,0.25,0.0,0.0,0.0,0.0,0.0,0.0,0.5,0.0,0.25,0.0,0.25,0.25,0.0,0.0,0.0,0.25,0.25,0.0,0.25,0.25,0.25,0.25,0.25,0.0,0.25,0.25,0.0,0.5,0.0,0.25,0.0,0.0,0.0,0.0,0.0,0.0,0.0,0.0,0.0,1.0,0.0,0.5,0.0,0.5,0.0,0.0,0.5,0.5,0.0,0.0,0.0,0.75,0.25,0.0,0.0,0.0,0.0,0.0,0.0,0.25,0.5,0.25,0.5,0.25,0.0,0.25,0.0,0.25,0.0,0.25,0.25,0.25,0.0,0.25,0.75,0.0,0.0,0.0,0.25,0.75,0.0,0.0,0.0,0.25,0.5,0.0,0.25,0.25,0.5,0.25,0.0,0.0
投資基金來源-其他,0.0,0.0,0.0,0.0,0.0,0.0,0.25,0.0,0.0,0.0,0.0,0.0,0.0,0.0,0.0,0.0,0.0,0.0,0.0,0.5,0.25,0.0,0.0,0.0,0.0,0.0,0.0,0.0,0.0,0.0,1.0,0.5,0.0,0.25,0.25,0.0,0.5,0.25,0.0,0.5,0.0,0.0,0.25,0.25,0.0,0.0,0.0,0.0,0.0,0.0,0.0,0.0,0.0,0.0,1.0,0.0,0.75,0.25,0.0,0.0,0.75,0.25,0.0,0.0,0.0,1.0,0.0,0.0,0.0,0.0,0.0,0.5,0.0,0.0,0.0,0.5,1.0,0.0,0.0,0.0,0.0,0.0,0.0,0.5,0.25,0.25,0.0,0.25,0.5,0.25,0.0,0.0,0.0,0.5,0.5,0.0,0.0,0.25,0.75,0.0,0.0,0.5,0.25,0.25,0.0,0.0
家庭年收入-50 萬元以下,0.043478260869565216,0.043478260869565216,0.0,0.043478260869565216,0.2608695652173913,0.043478260869565216,0.08695652173913043,0.17391304347826086,0.0,0.0,0.0,0.043478260869565216,0.0,0.043478260869565216,0.0,0.0,0.0,0.0,0.0,0.0,0.17391304347826086,0.0,0.0,0.043478260869565216,0.4782608695652174,0.21739130434782608,0.043478260869565216,0.043478260869565216,0.0,0.0,0.21739130434782608,0.043478260869565216,0.30434782608695654,0.043478260869565216,0.5217391304347826,0.08695652173913043,0.2608695652173913,0.2608695652173913,0.043478260869565216,0.34782608695652173,0.0,0.34782608695652173,0.043478260869565216,0.2608695652173913,0.0,0.0,0.5652173913043478,0.17391304347826086,0.13043478260869565,0.0,0.0,0.0,0.043478260869565216,0.08695652173913043,0.0,1.0,0.0,0.0,0.0,0.0,1.0,0.0,0.0,0.0,0.0,0.9565217391304348,0.043478260869565216,0.0,0.13043478260869565,0.0,0.043478260869565216,0.043478260869565216,0.13043478260869565,0.08695652173913043,0.391304347826087,0.34782608695652173,0.5652173913043478,0.17391304347826086,0.13043478260869565,0.13043478260869565,0.0,0.30434782608695654,0.043478260869565216,0.30434782608695654,0.2608695652173913,0.08695652173913043,0.08695652173913043,0.4782608695652174,0.17391304347826086,0.13043478260869565,0.13043478260869565,0.0,0.13043478260869565,0.7391304347826086,0.13043478260869565,0.0,0.043478260869565216,0.34782608695652173,0.391304347826087,0.13043478260869565,0.08695652173913043,0.43478260869565216,0.34782608695652173,0.17391304347826086,0.043478260869565216,0.0
家庭年收入-50 萬元~100 萬元,0.1206896551724138,0.017241379310344827,0.06896551724137931,0.1896551724137931,0.10344827586206896,0.08620689655172414,0.017241379310344827,0.1724137931034483,0.0,0.0,0.0,0.034482758620689655,0.017241379310344827,0.0,0.0,0.0,0.0,0.0,0.0,0.034482758620689655,0.10344827586206896,0.0,0.0,0.034482758620689655,0.41379310344827586,0.13793103448275862,0.06896551724137931,0.1206896551724138,0.0,0.017241379310344827,0.2413793103448276,0.1206896551724138,0.15517241379310345,0.15517241379310345,0.3793103448275862,0.1896551724137931,0.3103448275862069,0.5344827586206896,0.017241379310344827,0.3103448275862069,0.0,0.29310344827586204,0.10344827586206896,0.2413793103448276,0.05172413793103448,0.0,0.6206896551724138,0.1724137931034483,0.13793103448275862,0.0,0.0,0.0,0.017241379310344827,0.0,0.05172413793103448,0.0,1.0,0.0,0.0,0.0,0.5172413793103449,0.46551724137931033,0.017241379310344827,0.0,0.0,0.9655172413793104,0.034482758620689655,0.0,0.034482758620689655,0.05172413793103448,0.034482758620689655,0.05172413793103448,0.08620689655172414,0.1724137931034483,0.3103448275862069,0.3793103448275862,0.6551724137931034,0.034482758620689655,0.06896551724137931,0.20689655172413793,0.034482758620689655,0.22413793103448276,0.10344827586206896,0.20689655172413793,0.29310344827586204,0.1724137931034483,0.08620689655172414,0.41379310344827586,0.41379310344827586,0.08620689655172414,0.0,0.0,0.017241379310344827,0.7241379310344828,0.2413793103448276,0.017241379310344827,0.05172413793103448,0.5172413793103449,0.3448275862068966,0.05172413793103448,0.034482758620689655,0.39655172413793105,0.39655172413793105,0.1896551724137931,0.017241379310344827,0.0
家庭年收入-100 萬元~300 萬元,0.1,0.05,0.1,0.2,0.15,0.05,0.15,0.05,0.0,0.0,0.0,0.0,0.0,0.05,0.0,0.0,0.0,0.0,0.0,0.05,0.0,0.0,0.05,0.0,0.25,0.15,0.05,0.15,0.1,0.05,0.25,0.2,0.0,0.15,0.45,0.2,0.2,0.4,0.0,0.25,0.0,0.1,0.15,0.5,0.0,0.0,0.6,0.05,0.0,0.15,0.0,0.0,0.05,0.1,0.05,0.0,0.0,1.0,0.0,0.0,0.15,0.65,0.2,0.0,0.0,0.9,0.1,0.0,0.05,0.0,0.05,0.25,0.0,0.2,0.3,0.25,0.65,0.1,0.0,0.2,0.05,0.15,0.1,0.3,0.25,0.2,0.05,0.3,0.6,0.0,0.05,0.0,0.05,0.85,0.1,0.0,0.0,0.5,0.35,0.15,0.0,0.25,0.4,0.25,0.05,0.05
家庭年收入-300 萬元~500 萬元,0.0,0.0,0.0,0.0,0.0,0.0,0.0,0.0,0.0,0.0,0.0,0.0,0.0,0.0,0.0,0.0,0.0,0.0,0.0,0.0,0.0,0.0,0.0,0.0,0.0,0.0,0.0,0.0,0.0,0.0,0.0,0.0,0.0,0.0,0.0,0.0,0.0,0.0,0.0,0.0,0.0,0.0,0.0,0.0,0.0,0.0,0.0,0.0,0.0,0.0,0.0,0.0,0.0,0.0,0.0,0.0,0.0,0.0,0.0,0.0,0.0,0.0,0.0,0.0,0.0,0.0,0.0,0.0,0.0,0.0,0.0,0.0,0.0,0.0,0.0,0.0,0.0,0.0,0.0,0.0,0.0,0.0,0.0,0.0,0.0,0.0,0.0,0.0,0.0,0.0,0.0,0.0,0.0,0.0,0.0,0.0,0.0,0.0,0.0,0.0,0.0,0.0,0.0,0.0,0.0,0.0
家庭年收入-500 萬元以上,0.0,0.0,0.0,0.0,0.0,0.0,0.0,0.0,0.0,0.0,0.0,0.0,0.0,0.0,0.0,0.0,0.0,0.0,0.0,0.0,0.0,0.0,0.0,0.0,0.0,0.0,0.0,0.0,0.0,0.0,0.0,0.0,0.0,0.0,0.0,0.0,0.0,0.0,0.0,0.0,0.0,0.0,0.0,0.0,0.0,0.0,0.0,0.0,0.0,0.0,0.0,0.0,0.0,0.0,0.0,0.0,0.0,0.0,0.0,0.0,0.0,0.0,0.0,0.0,0.0,0.0,0.0,0.0,0.0,0.0,0.0,0.0,0.0,0.0,0.0,0.0,0.0,0.0,0.0,0.0,0.0,0.0,0.0,0.0,0.0,0.0,0.0,0.0,0.0,0.0,0.0,0.0,0.0,0.0,0.0,0.0,0.0,0.0,0.0,0.0,0.0,0.0,0.0,0.0,0.0,0.0
家庭年支出-50 萬元以下,0.07142857142857142,0.03571428571428571,0.03571428571428571,0.125,0.17857142857142858,0.07142857142857142,0.03571428571428571,0.17857142857142858,0.0,0.0,0.0,0.03571428571428571,0.0,0.017857142857142856,0.0,0.0,0.0,0.0,0.0,0.05357142857142857,0.125,0.0,0.0,0.03571428571428571,0.4642857142857143,0.14285714285714285,0.07142857142857142,0.07142857142857142,0.0,0.0,0.25,0.16071428571428573,0.21428571428571427,0.05357142857142857,0.4642857142857143,0.10714285714285714,0.25,0.44642857142857145,0.03571428571428571,0.32142857142857145,0.0,0.2857142857142857,0.10714285714285714,0.25,0.03571428571428571,0.0,0.5714285714285714,0.16071428571428573,0.14285714285714285,0.0,0.0,0.0,0.03571428571428571,0.03571428571428571,0.05357142857142857,0.4107142857142857,0.5357142857142857,0.05357142857142857,0.0,0.0,1.0,0.0,0.0,0.0,0.0,0.9642857142857143,0.03571428571428571,0.0,0.10714285714285714,0.05357142857142857,0.017857142857142856,0.10714285714285714,0.10714285714285714,0.10714285714285714,0.30357142857142855,0.375,0.6071428571428571,0.08928571428571429,0.125,0.14285714285714285,0.03571428571428571,0.23214285714285715,0.07142857142857142,0.26785714285714285,0.25,0.17857142857142858,0.08928571428571429,0.42857142857142855,0.32142857142857145,0.10714285714285714,0.05357142857142857,0.0,0.05357142857142857,0.6964285714285714,0.25,0.0,0.05357142857142857,0.42857142857142855,0.375,0.08928571428571429,0.05357142857142857,0.4107142857142857,0.39285714285714285,0.16071428571428573,0.03571428571428571,0.0
家庭年支出-50 萬元~100 萬元,0.15,0.0,0.05,0.2,0.125,0.075,0.075,0.125,0.0,0.0,0.0,0.025,0.025,0.025,0.0,0.0,0.0,0.0,0.0,0.0,0.075,0.0,0.025,0.025,0.35,0.15,0.05,0.15,0.025,0.05,0.225,0.05,0.1,0.225,0.375,0.25,0.325,0.4,0.0,0.3,0.0,0.275,0.075,0.325,0.025,0.0,0.625,0.15,0.075,0.05,0.0,0.0,0.025,0.05,0.025,0.0,0.675,0.325,0.0,0.0,0.0,1.0,0.0,0.0,0.0,0.925,0.075,0.0,0.0,0.0,0.075,0.05,0.05,0.2,0.375,0.325,0.675,0.025,0.0,0.275,0.025,0.25,0.075,0.25,0.3,0.125,0.075,0.425,0.425,0.05,0.025,0.0,0.025,0.825,0.125,0.025,0.025,0.55,0.35,0.05,0.025,0.375,0.375,0.225,0.025,0.0
家庭年支出-100 萬元~300 萬元,0.0,0.2,0.4,0.2,0.0,0.0,0.2,0.0,0.0,0.0,0.0,0.0,0.0,0.0,0.0,0.0,0.0,0.0,0.0,0.0,0.0,0.0,0.0,0.0,0.0,0.4,0.0,0.2,0.2,0.0,0.2,0.2,0.0,0.2,0.4,0.2,0.2,0.8,0.0,0.2,0.0,0.0,0.2,0.6,0.0,0.0,0.8,0.0,0.0,0.2,0.0,0.0,0.0,0.0,0.0,0.0,0.2,0.8,0.0,0.0,0.0,0.0,1.0,0.0,0.0,1.0,0.0,0.0,0.0,0.0,0.0,0.2,0.0,0.4,0.2,0.2,0.6,0.4,0.0,0.0,0.0,0.0,0.4,0.0,0.4,0.2,0.0,0.0,1.0,0.0,0.0,0.0,0.2,0.8,0.0,0.0,0.0,0.4,0.2,0.4,0.0,0.0,0.4,0.4,0.0,0.2
家庭年支出-300 萬元~500 萬元,0.0,0.0,0.0,0.0,0.0,0.0,0.0,0.0,0.0,0.0,0.0,0.0,0.0,0.0,0.0,0.0,0.0,0.0,0.0,0.0,0.0,0.0,0.0,0.0,0.0,0.0,0.0,0.0,0.0,0.0,0.0,0.0,0.0,0.0,0.0,0.0,0.0,0.0,0.0,0.0,0.0,0.0,0.0,0.0,0.0,0.0,0.0,0.0,0.0,0.0,0.0,0.0,0.0,0.0,0.0,0.0,0.0,0.0,0.0,0.0,0.0,0.0,0.0,0.0,0.0,0.0,0.0,0.0,0.0,0.0,0.0,0.0,0.0,0.0,0.0,0.0,0.0,0.0,0.0,0.0,0.0,0.0,0.0,0.0,0.0,0.0,0.0,0.0,0.0,0.0,0.0,0.0,0.0,0.0,0.0,0.0,0.0,0.0,0.0,0.0,0.0,0.0,0.0,0.0,0.0,0.0
家庭年支出-500 萬元以上,0.0,0.0,0.0,0.0,0.0,0.0,0.0,0.0,0.0,0.0,0.0,0.0,0.0,0.0,0.0,0.0,0.0,0.0,0.0,0.0,0.0,0.0,0.0,0.0,0.0,0.0,0.0,0.0,0.0,0.0,0.0,0.0,0.0,0.0,0.0,0.0,0.0,0.0,0.0,0.0,0.0,0.0,0.0,0.0,0.0,0.0,0.0,0.0,0.0,0.0,0.0,0.0,0.0,0.0,0.0,0.0,0.0,0.0,0.0,0.0,0.0,0.0,0.0,0.0,0.0,0.0,0.0,0.0,0.0,0.0,0.0,0.0,0.0,0.0,0.0,0.0,0.0,0.0,0.0,0.0,0.0,0.0,0.0,0.0,0.0,0.0,0.0,0.0,0.0,0.0,0.0,0.0,0.0,0.0,0.0,0.0,0.0,0.0,0.0,0.0,0.0,0.0,0.0,0.0,0.0,0.0
預計(單筆)投資金額-100 萬元以下,0.10416666666666667,0.03125,0.0625,0.16666666666666666,0.13541666666666666,0.0625,0.0625,0.14583333333333334,0.0,0.0,0.0,0.03125,0.010416666666666666,0.020833333333333332,0.0,0.0,0.0,0.0,0.0,0.03125,0.09375,0.0,0.010416666666666666,0.03125,0.40625,0.15625,0.0625,0.11458333333333333,0.010416666666666666,0.010416666666666666,0.23958333333333334,0.125,0.16666666666666666,0.13541666666666666,0.4166666666666667,0.15625,0.28125,0.4479166666666667,0.010416666666666666,0.3020833333333333,0.0,0.2708333333333333,0.10416666666666667,0.2916666666666667,0.03125,0.0,0.6145833333333334,0.14583333333333334,0.10416666666666667,0.03125,0.0,0.0,0.03125,0.03125,0.041666666666666664,0.22916666666666666,0.5833333333333334,0.1875,0.0,0.0,0.5625,0.3854166666666667,0.052083333333333336,0.0,0.0,1.0,0.0,0.0,0.052083333333333336,0.03125,0.041666666666666664,0.08333333333333333,0.08333333333333333,0.16666666666666666,0.3125,0.3541666666666667,0.6458333333333334,0.08333333333333333,0.07291666666666667,0.17708333333333334,0.020833333333333332,0.21875,0.09375,0.25,0.28125,0.15625,0.08333333333333333,0.40625,0.3854166666666667,0.08333333333333333,0.041666666666666664,0.0,0.041666666666666664,0.7604166666666666,0.1875,0.010416666666666666,0.041666666666666664,0.46875,0.3541666666666667,0.09375,0.041666666666666664,0.3958333333333333,0.3645833333333333,0.19791666666666666,0.03125,0.010416666666666666
預計(單筆)投資金額-100 萬元~300 萬元,0.0,0.0,0.0,0.0,0.4,0.2,0.0,0.2,0.0,0.0,0.0,0.0,0.0,0.0,0.0,0.0,0.0,0.0,0.0,0.0,0.2,0.0,0.0,0.0,0.2,0.2,0.0,0.0,0.2,0.2,0.2,0.0,0.0,0.0,0.6,0.4,0.2,0.4,0.2,0.4,0.0,0.2,0.0,0.4,0.0,0.0,0.4,0.2,0.2,0.0,0.0,0.0,0.0,0.2,0.0,0.2,0.4,0.4,0.0,0.0,0.4,0.6,0.0,0.0,0.0,0.0,1.0,0.0,0.2,0.0,0.0,0.2,0.0,0.0,0.6,0.2,0.4,0.0,0.0,0.4,0.2,0.4,0.0,0.2,0.2,0.2,0.0,0.4,0.6,0.0,0.0,0.0,0.2,0.6,0.2,0.0,0.0,0.6,0.4,0.0,0.0,0.0,0.8,0.2,0.0,0.0
預計(單筆)投資金額-300 萬元以上,0.0,0.0,0.0,0.0,0.0,0.0,0.0,0.0,0.0,0.0,0.0,0.0,0.0,0.0,0.0,0.0,0.0,0.0,0.0,0.0,0.0,0.0,0.0,0.0,0.0,0.0,0.0,0.0,0.0,0.0,0.0,0.0,0.0,0.0,0.0,0.0,0.0,0.0,0.0,0.0,0.0,0.0,0.0,0.0,0.0,0.0,0.0,0.0,0.0,0.0,0.0,0.0,0.0,0.0,0.0,0.0,0.0,0.0,0.0,0.0,0.0,0.0,0.0,0.0,0.0,0.0,0.0,0.0,0.0,0.0,0.0,0.0,0.0,0.0,0.0,0.0,0.0,0.0,0.0,0.0,0.0,0.0,0.0,0.0,0.0,0.0,0.0,0.0,0.0,0.0,0.0,0.0,0.0,0.0,0.0,0.0,0.0,0.0,0.0,0.0,0.0,0.0,0.0,0.0,0.0,0.0
特殊身分客戶-70 歲以上,0.0,0.0,0.0,0.0,0.0,0.0,0.0,1.0,0.0,0.0,0.0,0.0,0.0,0.0,0.0,0.0,0.0,0.0,0.0,0.0,0.0,0.0,0.0,0.0,0.16666666666666666,0.16666666666666666,0.0,0.16666666666666666,0.0,0.0,0.5,0.5,0.0,0.0,0.5,0.0,0.0,0.8333333333333334,0.0,0.16666666666666666,0.0,0.5,0.0,0.3333333333333333,0.0,0.0,0.0,0.8333333333333334,0.0,0.0,0.0,0.0,0.16666666666666666,0.0,0.0,0.5,0.3333333333333333,0.16666666666666666,0.0,0.0,1.0,0.0,0.0,0.0,0.0,0.8333333333333334,0.16666666666666666,0.0,1.0,0.0,0.0,0.3333333333333333,0.6666666666666666,0.0,0.0,0.0,0.3333333333333333,0.3333333333333333,0.0,0.3333333333333333,0.0,0.0,0.16666666666666666,0.5,0.3333333333333333,0.0,0.0,0.3333333333333333,0.0,0.5,0.16666666666666666,0.0,0.0,0.8333333333333334,0.16666666666666666,0.0,0.0,0.0,1.0,0.0,0.0,0.16666666666666666,0.3333333333333333,0.5,0.0,0.0
特殊身分客戶-國中畢業以下,0.0,0.0,0.0,0.3333333333333333,0.0,0.0,0.0,0.0,0.0,0.0,0.0,0.3333333333333333,0.0,0.0,0.0,0.0,0.0,0.0,0.0,0.0,0.3333333333333333,0.0,0.0,0.0,0.3333333333333333,0.0,0.3333333333333333,0.0,0.0,0.0,0.3333333333333333,1.0,0.0,0.0,0.0,0.0,0.0,1.0,0.0,0.0,0.0,0.0,0.0,1.0,0.0,0.0,0.3333333333333333,0.0,0.6666666666666666,0.0,0.0,0.0,0.0,0.0,0.0,0.0,1.0,0.0,0.0,0.0,1.0,0.0,0.0,0.0,0.0,1.0,0.0,0.0,0.0,1.0,0.0,0.0,0.3333333333333333,0.3333333333333333,0.3333333333333333,0.0,0.3333333333333333,0.0,0.0,0.3333333333333333,0.3333333333333333,0.0,0.0,0.3333333333333333,0.3333333333333333,0.3333333333333333,0.0,0.0,1.0,0.0,0.0,0.0,0.0,1.0,0.0,0.0,0.0,1.0,0.0,0.0,0.0,0.6666666666666666,0.0,0.3333333333333333,0.0,0.0
特殊身分客戶-領有全民健康保險重大傷病證明,0.5,0.0,0.0,0.0,0.25,0.0,0.0,0.25,0.0,0.0,0.0,0.0,0.0,0.0,0.0,0.0,0.0,0.0,0.0,0.0,0.0,0.0,0.0,0.0,0.75,0.0,0.0,0.0,0.0,0.0,0.25,0.0,0.0,0.25,0.5,0.25,0.5,0.5,0.0,0.25,0.0,0.5,0.0,0.25,0.0,0.0,0.5,0.25,0.0,0.0,0.0,0.0,0.25,0.0,0.0,0.25,0.5,0.25,0.0,0.0,0.25,0.75,0.0,0.0,0.0,1.0,0.0,0.0,0.0,0.0,1.0,0.0,0.0,0.5,0.5,0.0,0.5,0.0,0.0,0.5,0.0,0.0,0.25,0.0,0.75,0.0,0.0,0.5,0.5,0.0,0.0,0.0,0.0,0.5,0.5,0.0,0.0,0.5,0.5,0.0,0.0,0.0,0.75,0.25,0.0,0.0
年齡-75 歲以上/20歲以下,0.0,0.0,0.0,0.0,0.0,0.0,0.4444444444444444,0.2222222222222222,0.0,0.0,0.0,0.0,0.0,0.0,0.0,0.0,0.0,0.0,0.0,0.3333333333333333,0.0,0.0,0.0,0.0,0.0,0.0,0.0,0.0,0.0,0.0,1.0,0.7777777777777778,0.0,0.0,0.2222222222222222,0.0,0.4444444444444444,0.2222222222222222,0.0,0.1111111111111111,0.0,0.1111111111111111,0.3333333333333333,0.4444444444444444,0.0,0.0,0.1111111111111111,0.2222222222222222,0.1111111111111111,0.3333333333333333,0.0,0.0,0.0,0.0,0.2222222222222222,0.1111111111111111,0.3333333333333333,0.5555555555555556,0.0,0.0,0.6666666666666666,0.2222222222222222,0.1111111111111111,0.0,0.0,0.8888888888888888,0.1111111111111111,0.0,0.2222222222222222,0.0,0.0,1.0,0.0,0.0,0.0,0.0,0.6666666666666666,0.1111111111111111,0.0,0.2222222222222222,0.0,0.0,0.1111111111111111,0.3333333333333333,0.5555555555555556,0.0,0.0,0.5555555555555556,0.4444444444444444,0.0,0.0,0.0,0.0,0.7777777777777778,0.2222222222222222,0.0,0.0,0.2222222222222222,0.6666666666666666,0.1111111111111111,0.0,0.1111111111111111,0.4444444444444444,0.2222222222222222,0.1111111111111111,0.1111111111111111
年齡-66~75歲,0.0,0.0,0.0,0.0,0.0,0.0,0.0,0.875,0.0,0.0,0.0,0.0,0.0,0.0,0.0,0.0,0.0,0.0,0.0,0.0,0.125,0.0,0.0,0.0,0.125,0.125,0.0,0.125,0.0,0.0,0.625,0.375,0.0,0.0,0.5,0.125,0.0,0.875,0.0,0.25,0.0,0.375,0.0,0.375,0.0,0.0,0.0,0.75,0.125,0.0,0.0,0.0,0.125,0.0,0.0,0.375,0.625,0.0,0.0,0.0,0.75,0.25,0.0,0.0,0.0,1.0,0.0,0.0,0.5,0.125,0.0,0.0,1.0,0.0,0.0,0.0,0.125,0.25,0.0,0.375,0.25,0.125,0.25,0.375,0.25,0.0,0.0,0.125,0.25,0.5,0.125,0.0,0.0,0.75,0.25,0.0,0.0,0.5,0.5,0.0,0.0,0.25,0.25,0.5,0.0,0.0
年齡-56~65歲,0.0625,0.0,0.125,0.125,0.0625,0.0625,0.0,0.25,0.0,0.0,0.0,0.0625,0.0,0.125,0.0,0.0,0.0,0.0,0.0,0.0,0.0625,0.0,0.0,0.0625,0.375,0.25,0.0625,0.125,0.0625,0.0,0.125,0.0625,0.3125,0.1875,0.4375,0.0,0.1875,0.5625,0.0,0.25,0.0,0.4375,0.0,0.3125,0.0,0.0,0.4375,0.1875,0.25,0.0,0.0,0.0,0.0625,0.0625,0.0,0.125,0.625,0.25,0.0,0.0,0.375,0.5,0.125,0.0,0.0,1.0,0.0,0.0,0.0,0.0625,0.125,0.0,0.0,1.0,0.0,0.0,0.6875,0.0,0.0625,0.25,0.0,0.1875,0.0625,0.1875,0.375,0.1875,0.0,0.25,0.6875,0.0,0.0625,0.0,0.0625,0.6875,0.1875,0.0625,0.0,0.25,0.375,0.375,0.0,0.25,0.4375,0.25,0.0625,0.0
年齡-46~55歲,0.15151515151515152,0.06060606060606061,0.030303030303030304,0.09090909090909091,0.2727272727272727,0.06060606060606061,0.0,0.06060606060606061,0.0,0.0,0.0,0.030303030303030304,0.030303030303030304,0.0,0.0,0.0,0.0,0.0,0.0,0.0,0.15151515151515152,0.0,0.030303030303030304,0.030303030303030304,0.5454545454545454,0.09090909090909091,0.030303030303030304,0.09090909090909091,0.030303030303030304,0.06060606060606061,0.15151515151515152,0.030303030303030304,0.30303030303030304,0.18181818181818182,0.2727272727272727,0.21212121212121213,0.15151515151515152,0.5757575757575758,0.0,0.36363636363636365,0.0,0.30303030303030304,0.15151515151515152,0.12121212121212122,0.06060606060606061,0.0,0.6666666666666666,0.12121212121212122,0.12121212121212122,0.0,0.0,0.0,0.030303030303030304,0.06060606060606061,0.0,0.2727272727272727,0.5454545454545454,0.18181818181818182,0.0,0.0,0.5151515151515151,0.45454545454545453,0.030303030303030304,0.0,0.0,0.9090909090909091,0.09090909090909091,0.0,0.0,0.030303030303030304,0.06060606060606061,0.0,0.0,0.0,1.0,0.0,0.6666666666666666,0.030303030303030304,0.09090909090909091,0.18181818181818182,0.030303030303030304,0.30303030303030304,0.09090909090909091,0.21212121212121213,0.2727272727272727,0.12121212121212122,0.06060606060606061,0.42424242424242425,0.3939393939393939,0.06060606060606061,0.06060606060606061,0.0,0.09090909090909091,0.7575757575757576,0.15151515151515152,0.0,0.0,0.6363636363636364,0.30303030303030304,0.030303030303030304,0.030303030303030304,0.36363636363636365,0.3939393939393939,0.21212121212121213,0.030303030303030304,0.0
年齡-20~45歲,0.11428571428571428,0.02857142857142857,0.08571428571428572,0.3142857142857143,0.14285714285714285,0.11428571428571428,0.05714285714285714,0.0,0.0,0.0,0.0,0.02857142857142857,0.0,0.0,0.0,0.0,0.0,0.0,0.0,0.0,0.08571428571428572,0.0,0.0,0.02857142857142857,0.42857142857142855,0.22857142857142856,0.11428571428571428,0.14285714285714285,0.0,0.0,0.08571428571428572,0.0,0.02857142857142857,0.11428571428571428,0.6,0.2571428571428571,0.45714285714285713,0.22857142857142856,0.05714285714285714,0.34285714285714286,0.0,0.17142857142857143,0.05714285714285714,0.4,0.02857142857142857,0.0,0.8857142857142857,0.0,0.02857142857142857,0.0,0.0,0.0,0.0,0.02857142857142857,0.05714285714285714,0.22857142857142856,0.6285714285714286,0.14285714285714285,0.0,0.0,0.6,0.37142857142857144,0.02857142857142857,0.0,0.0,0.9714285714285714,0.02857142857142857,0.0,0.0,0.0,0.0,0.0,0.0,0.0,0.0,1.0,0.6857142857142857,0.11428571428571428,0.08571428571428572,0.11428571428571428,0.0,0.2571428571428571,0.05714285714285714,0.2571428571428571,0.17142857142857143,0.2571428571428571,0.17142857142857143,0.4857142857142857,0.2857142857142857,0.05714285714285714,0.0,0.0,0.02857142857142857,0.7714285714285715,0.2,0.0,0.11428571428571428,0.4857142857142857,0.2857142857142857,0.02857142857142857,0.08571428571428572,0.5428571428571428,0.37142857142857144,0.08571428571428572,0.0,0.0
曾經持有投資產品-現金、存款、定存、貨幣型基金與保本型基金,0.109375,0.03125,0.046875,0.203125,0.15625,0.03125,0.046875,0.109375,0.0,0.0,0.0,0.015625,0.015625,0.015625,0.0,0.0,0.0,0.0,0.0,0.046875,0.125,0.0,0.0,0.046875,0.375,0.140625,0.078125,0.15625,0.015625,0.015625,0.21875,0.109375,0.1875,0.140625,0.40625,0.15625,0.296875,0.46875,0.03125,0.34375,0.0,0.265625,0.125,0.21875,0.046875,0.0,0.6875,0.109375,0.0625,0.03125,0.0,0.0,0.015625,0.03125,0.0625,0.203125,0.59375,0.203125,0.0,0.0,0.53125,0.421875,0.046875,0.0,0.0,0.96875,0.03125,0.0,0.03125,0.015625,0.03125,0.09375,0.015625,0.171875,0.34375,0.375,1.0,0.0,0.0,0.0,0.0,0.25,0.046875,0.25,0.21875,0.234375,0.0625,0.40625,0.421875,0.0625,0.046875,0.0,0.078125,0.734375,0.171875,0.015625,0.046875,0.40625,0.390625,0.109375,0.046875,0.359375,0.421875,0.1875,0.03125,0.0
曾經持有投資產品-債券、投資等級之債券基金,0.0,0.0,0.125,0.125,0.0,0.125,0.25,0.25,0.0,0.0,0.0,0.0,0.0,0.0,0.0,0.0,0.0,0.0,0.0,0.0,0.0,0.0,0.125,0.0,0.25,0.25,0.0,0.0,0.0,0.125,0.375,0.25,0.0,0.25,0.5,0.0,0.375,0.25,0.0,0.25,0.0,0.375,0.0,0.375,0.0,0.0,0.375,0.25,0.125,0.125,0.0,0.0,0.0,0.125,0.0,0.5,0.25,0.25,0.0,0.0,0.625,0.125,0.25,0.0,0.0,1.0,0.0,0.0,0.25,0.0,0.0,0.125,0.25,0.0,0.125,0.5,0.0,1.0,0.0,0.0,0.0,0.0,0.25,0.5,0.25,0.0,0.25,0.125,0.375,0.125,0.125,0.0,0.0,0.875,0.125,0.0,0.125,0.125,0.625,0.125,0.0,0.375,0.0,0.5,0.0,0.125
曾經持有投資產品-外幣存款、非投資等級之債券基金、平衡型基金、新興市場債券基金,0.14285714285714285,0.14285714285714285,0.14285714285714285,0.0,0.42857142857142855,0.14285714285714285,0.0,0.0,0.0,0.0,0.0,0.0,0.0,0.0,0.0,0.0,0.0,0.0,0.0,0.0,0.0,0.0,0.0,0.0,0.7142857142857143,0.2857142857142857,0.0,0.0,0.0,0.0,0.0,0.0,0.14285714285714285,0.14285714285714285,0.7142857142857143,0.0,0.2857142857142857,0.2857142857142857,0.0,0.14285714285714285,0.0,0.42857142857142855,0.0,0.42857142857142855,0.0,0.0,0.7142857142857143,0.0,0.2857142857142857,0.0,0.0,0.0,0.0,0.0,0.0,0.42857142857142855,0.5714285714285714,0.0,0.0,0.0,1.0,0.0,0.0,0.0,0.0,1.0,0.0,0.0,0.0,0.0,0.0,0.0,0.0,0.14285714285714285,0.42857142857142855,0.42857142857142855,0.0,0.0,1.0,0.0,0.0,0.14285714285714285,0.14285714285714285,0.2857142857142857,0.42857142857142855,0.0,0.2857142857142857,0.5714285714285714,0.14285714285714285,0.0,0.0,0.0,0.0,0.5714285714285714,0.42857142857142855,0.0,0.0,0.5714285714285714,0.2857142857142857,0.0,0.14285714285714285,0.7142857142857143,0.2857142857142857,0.0,0.0,0.0
曾經持有投資產品-股票、全球股票基金、歐美成熟國家股票基金、投資型保單,0.10526315789473684,0.0,0.05263157894736842,0.10526315789473684,0.10526315789473684,0.10526315789473684,0.05263157894736842,0.2631578947368421,0.0,0.0,0.0,0.10526315789473684,0.0,0.05263157894736842,0.0,0.0,0.0,0.0,0.0,0.0,0.05263157894736842,0.0,0.0,0.0,0.47368421052631576,0.15789473684210525,0.05263157894736842,0.05263157894736842,0.0,0.0,0.2631578947368421,0.10526315789473684,0.15789473684210525,0.05263157894736842,0.3684210526315789,0.3157894736842105,0.21052631578947367,0.47368421052631576,0.0,0.21052631578947367,0.0,0.21052631578947367,0.10526315789473684,0.47368421052631576,0.0,0.0,0.42105263157894735,0.2631578947368421,0.15789473684210525,0.0,0.0,0.0,0.10526315789473684,0.05263157894736842,0.0,0.15789473684210525,0.631578947368421,0.21052631578947367,0.0,0.0,0.42105263157894735,0.5789473684210527,0.0,0.0,0.0,0.8947368421052632,0.10526315789473684,0.0,0.10526315789473684,0.05263157894736842,0.10526315789473684,0.10526315789473684,0.15789473684210525,0.21052631578947367,0.3157894736842105,0.21052631578947367,0.0,0.0,0.0,1.0,0.0,0.2631578947368421,0.10526315789473684,0.10526315789473684,0.47368421052631576,0.05263157894736842,0.0,0.5263157894736842,0.3684210526315789,0.10526315789473684,0.0,0.0,0.0,0.8421052631578947,0.15789473684210525,0.0,0.0,0.7368421052631579,0.21052631578947367,0.05263157894736842,0.0,0.3684210526315789,0.47368421052631576,0.10526315789473684,0.05263157894736842,0.0
曾經持有投資產品-新興市場股票基金、單一新興國家股票基金、衍生性商品,0.0,0.0,0.0,0.0,0.0,0.3333333333333333,0.0,0.3333333333333333,0.0,0.0,0.0,0.0,0.0,0.0,0.0,0.0,0.0,0.0,0.0,0.0,0.3333333333333333,0.0,0.0,0.0,0.0,0.0,0.0,0.0,0.3333333333333333,0.0,0.6666666666666666,0.3333333333333333,0.0,0.0,0.3333333333333333,0.3333333333333333,0.0,0.6666666666666666,0.0,0.6666666666666666,0.0,0.0,0.0,0.3333333333333333,0.0,0.0,0.3333333333333333,0.3333333333333333,0.3333333333333333,0.0,0.0,0.0,0.0,0.0,0.0,0.0,0.6666666666666666,0.3333333333333333,0.0,0.0,0.6666666666666666,0.3333333333333333,0.0,0.0,0.0,0.6666666666666666,0.3333333333333333,0.0,0.0,0.3333333333333333,0.0,0.0,0.6666666666666666,0.0,0.3333333333333333,0.0,0.0,0.0,0.0,0.0,1.0,0.3333333333333333,0.3333333333333333,0.3333333333333333,0.0,0.0,0.0,0.0,0.6666666666666666,0.3333333333333333,0.0,0.0,0.0,0.6666666666666666,0.3333333333333333,0.0,0.0,1.0,0.0,0.0,0.0,0.0,0.3333333333333333,0.6666666666666666,0.0,0.0
基金投資目的偏好-現金、存款、定存、貨幣型基金與保本型基金,0.043478260869565216,0.0,0.0,0.21739130434782608,0.21739130434782608,0.17391304347826086,0.0,0.17391304347826086,0.0,0.0,0.0,0.043478260869565216,0.0,0.0,0.0,0.0,0.0,0.0,0.0,0.0,0.13043478260869565,0.0,0.0,0.0,0.391304347826087,0.21739130434782608,0.043478260869565216,0.17391304347826086,0.043478260869565216,0.0,0.13043478260869565,0.0,0.2608695652173913,0.0,0.4782608695652174,0.2608695652173913,0.21739130434782608,0.30434782608695654,0.08695652173913043,0.6086956521739131,0.0,0.17391304347826086,0.043478260869565216,0.13043478260869565,0.043478260869565216,0.0,0.7391304347826086,0.17391304347826086,0.0,0.0,0.0,0.0,0.043478260869565216,0.043478260869565216,0.0,0.30434782608695654,0.5652173913043478,0.13043478260869565,0.0,0.0,0.5652173913043478,0.43478260869565216,0.0,0.0,0.0,0.9130434782608695,0.08695652173913043,0.0,0.0,0.0,0.0,0.0,0.043478260869565216,0.13043478260869565,0.43478260869565216,0.391304347826087,0.6956521739130435,0.0,0.043478260869565216,0.21739130434782608,0.043478260869565216,1.0,0.0,0.0,0.0,0.0,0.08695652173913043,0.391304347826087,0.34782608695652173,0.043478260869565216,0.13043478260869565,0.0,0.13043478260869565,0.6521739130434783,0.21739130434782608,0.0,0.043478260869565216,0.43478260869565216,0.34782608695652173,0.13043478260869565,0.043478260869565216,0.34782608695652173,0.34782608695652173,0.21739130434782608,0.08695652173913043,0.0
基金投資目的偏好-債券、投資等級之債券基金,0.1111111111111111,0.1111111111111111,0.2222222222222222,0.0,0.1111111111111111,0.0,0.1111111111111111,0.3333333333333333,0.0,0.0,0.0,0.0,0.0,0.0,0.0,0.0,0.0,0.0,0.0,0.0,0.0,0.0,0.0,0.0,0.5555555555555556,0.1111111111111111,0.0,0.0,0.0,0.0,0.3333333333333333,0.2222222222222222,0.1111111111111111,0.3333333333333333,0.2222222222222222,0.1111111111111111,0.1111111111111111,0.7777777777777778,0.0,0.5555555555555556,0.0,0.0,0.0,0.4444444444444444,0.0,0.0,0.4444444444444444,0.2222222222222222,0.0,0.1111111111111111,0.0,0.0,0.2222222222222222,0.0,0.0,0.1111111111111111,0.6666666666666666,0.2222222222222222,0.0,0.0,0.4444444444444444,0.3333333333333333,0.2222222222222222,0.0,0.0,1.0,0.0,0.0,0.1111111111111111,0.0,0.1111111111111111,0.1111111111111111,0.2222222222222222,0.1111111111111111,0.3333333333333333,0.2222222222222222,0.3333333333333333,0.2222222222222222,0.1111111111111111,0.2222222222222222,0.1111111111111111,0.0,1.0,0.0,0.0,0.0,0.0,0.2222222222222222,0.5555555555555556,0.2222222222222222,0.0,0.0,0.0,0.7777777777777778,0.2222222222222222,0.0,0.0,0.4444444444444444,0.4444444444444444,0.1111111111111111,0.0,0.1111111111111111,0.3333333333333333,0.4444444444444444,0.0,0.1111111111111111
基金投資目的偏好-外幣存款、非投資等級之債券基金、平衡型基金、新興市場債券基金,0.04,0.04,0.08,0.12,0.08,0.04,0.12,0.16,0.0,0.0,0.0,0.04,0.0,0.04,0.0,0.0,0.0,0.0,0.0,0.04,0.12,0.0,0.04,0.04,0.24,0.24,0.08,0.08,0.0,0.04,0.32,0.2,0.12,0.16,0.44,0.08,0.32,0.4,0.0,0.24,0.0,0.32,0.08,0.32,0.04,0.0,0.44,0.12,0.28,0.04,0.0,0.0,0.0,0.04,0.08,0.28,0.48,0.24,0.0,0.0,0.6,0.4,0.0,0.0,0.0,0.96,0.04,0.0,0.12,0.04,0.0,0.12,0.12,0.12,0.28,0.36,0.64,0.16,0.08,0.08,0.04,0.0,0.0,1.0,0.0,0.0,0.08,0.48,0.32,0.08,0.04,0.0,0.04,0.72,0.2,0.04,0.04,0.4,0.52,0.04,0.0,0.4,0.32,0.28,0.0,0.0
基金投資目的偏好-股票、全球股票基金、歐美成熟國家股票基金、投資型保單,0.17857142857142858,0.03571428571428571,0.03571428571428571,0.14285714285714285,0.10714285714285714,0.07142857142857142,0.07142857142857142,0.14285714285714285,0.0,0.0,0.0,0.0,0.0,0.03571428571428571,0.0,0.0,0.0,0.0,0.0,0.07142857142857142,0.07142857142857142,0.0,0.0,0.03571428571428571,0.5357142857142857,0.14285714285714285,0.0,0.0,0.03571428571428571,0.0,0.2857142857142857,0.14285714285714285,0.14285714285714285,0.10714285714285714,0.42857142857142855,0.17857142857142858,0.35714285714285715,0.4642857142857143,0.0,0.10714285714285714,0.0,0.32142857142857145,0.21428571428571427,0.35714285714285715,0.0,0.0,0.6071428571428571,0.21428571428571427,0.07142857142857142,0.03571428571428571,0.0,0.0,0.0,0.03571428571428571,0.03571428571428571,0.21428571428571427,0.6071428571428571,0.17857142857142858,0.0,0.0,0.5,0.42857142857142855,0.07142857142857142,0.0,0.0,0.9642857142857143,0.03571428571428571,0.0,0.07142857142857142,0.03571428571428571,0.10714285714285714,0.17857142857142858,0.07142857142857142,0.21428571428571427,0.32142857142857145,0.21428571428571427,0.5,0.07142857142857142,0.10714285714285714,0.32142857142857145,0.0,0.0,0.0,0.0,1.0,0.0,0.07142857142857142,0.4642857142857143,0.39285714285714285,0.07142857142857142,0.0,0.0,0.03571428571428571,0.7857142857142857,0.17857142857142858,0.0,0.03571428571428571,0.5357142857142857,0.32142857142857145,0.07142857142857142,0.03571428571428571,0.35714285714285715,0.5,0.10714285714285714,0.03571428571428571,0.0
基金投資目的偏好-新興市場股票基金、單一新興國家股票基金、衍生性商品,0.125,0.0,0.0625,0.25,0.25,0.0,0.0,0.0,0.0,0.0,0.0,0.0625,0.0625,0.0,0.0,0.0,0.0,0.0,0.0,0.0,0.125,0.0,0.0,0.0625,0.3125,0.0,0.1875,0.3125,0.0,0.0625,0.125,0.0625,0.125,0.1875,0.4375,0.1875,0.25,0.5,0.0,0.1875,0.0,0.375,0.0625,0.3125,0.0625,0.0,0.75,0.0,0.125,0.0,0.0,0.0,0.0,0.0625,0.0625,0.125,0.625,0.25,0.0,0.0,0.625,0.3125,0.0625,0.0,0.0,0.9375,0.0625,0.0,0.0,0.0625,0.0,0.0,0.0,0.1875,0.25,0.5625,0.9375,0.0,0.0,0.0625,0.0,0.0,0.0,0.0,0.0,1.0,0.125,0.3125,0.5,0.0625,0.0,0.0,0.0,0.875,0.125,0.0,0.0625,0.5625,0.125,0.125,0.125,0.5625,0.375,0.0625,0.0,0.0
備用金相當家庭開銷-無備用金,0.125,0.0,0.0,0.375,0.125,0.25,0.0,0.0,0.0,0.0,0.0,0.0,0.0,0.0,0.0,0.0,0.0,0.0,0.0,0.0,0.125,0.0,0.0,0.0,0.5,0.125,0.125,0.125,0.0,0.0,0.125,0.0,0.25,0.0,0.5,0.25,0.625,0.25,0.0,0.25,0.0,0.375,0.0,0.25,0.125,0.0,1.0,0.0,0.0,0.0,0.0,0.0,0.0,0.0,0.0,0.25,0.625,0.125,0.0,0.0,0.625,0.375,0.0,0.0,0.0,1.0,0.0,0.0,0.0,0.0,0.0,0.0,0.0,0.0,0.25,0.75,0.5,0.25,0.25,0.0,0.0,0.25,0.0,0.25,0.25,0.25,1.0,0.0,0.0,0.0,0.0,0.0,0.0,1.0,0.0,0.0,0.125,0.5,0.125,0.0,0.25,0.75,0.25,0.0,0.0,0.0
備用金相當家庭開銷-3 個月以下,0.0975609756097561,0.024390243902439025,0.04878048780487805,0.14634146341463414,0.17073170731707318,0.024390243902439025,0.07317073170731707,0.14634146341463414,0.0,0.0,0.0,0.024390243902439025,0.024390243902439025,0.024390243902439025,0.0,0.0,0.0,0.0,0.0,0.024390243902439025,0.0975609756097561,0.0,0.0,0.07317073170731707,0.3902439024390244,0.17073170731707318,0.04878048780487805,0.12195121951219512,0.0,0.0,0.2682926829268293,0.07317073170731707,0.17073170731707318,0.14634146341463414,0.5121951219512195,0.0975609756097561,0.2682926829268293,0.3170731707317073,0.024390243902439025,0.3170731707317073,0.0,0.24390243902439024,0.07317073170731707,0.34146341463414637,0.024390243902439025,0.0,0.6097560975609756,0.17073170731707318,0.14634146341463414,0.024390243902439025,0.0,0.0,0.0,0.024390243902439025,0.024390243902439025,0.2682926829268293,0.5853658536585366,0.14634146341463414,0.0,0.0,0.5853658536585366,0.4146341463414634,0.0,0.0,0.0,0.9512195121951219,0.04878048780487805,0.0,0.04878048780487805,0.0,0.04878048780487805,0.12195121951219512,0.024390243902439025,0.0975609756097561,0.34146341463414637,0.4146341463414634,0.6341463414634146,0.024390243902439025,0.0975609756097561,0.24390243902439024,0.0,0.21951219512195122,0.04878048780487805,0.2926829268292683,0.3170731707317073,0.12195121951219512,0.0,1.0,0.0,0.0,0.0,0.0,0.04878048780487805,0.7560975609756098,0.1951219512195122,0.0,0.07317073170731707,0.5121951219512195,0.2682926829268293,0.0975609756097561,0.04878048780487805,0.4634146341463415,0.3902439024390244,0.0975609756097561,0.04878048780487805,0.0
備用金相當家庭開銷-介於3~6 個月,0.1,0.05,0.1,0.15,0.15,0.1,0.05,0.1,0.0,0.0,0.0,0.025,0.0,0.025,0.0,0.0,0.0,0.0,0.0,0.05,0.075,0.0,0.025,0.0,0.425,0.15,0.05,0.075,0.05,0.05,0.2,0.175,0.125,0.15,0.3,0.25,0.275,0.575,0.025,0.275,0.0,0.25,0.15,0.3,0.025,0.0,0.6,0.075,0.125,0.05,0.0,0.0,0.025,0.075,0.05,0.1,0.6,0.3,0.0,0.0,0.45,0.425,0.125,0.0,0.0,0.925,0.075,0.0,0.0,0.075,0.05,0.1,0.05,0.275,0.325,0.25,0.675,0.075,0.025,0.175,0.05,0.2,0.125,0.2,0.275,0.2,0.0,0.0,1.0,0.0,0.0,0.0,0.05,0.725,0.2,0.025,0.0,0.5,0.4,0.1,0.0,0.25,0.4,0.3,0.025,0.025
備用金相當家庭開銷-介於6~9 個月,0.125,0.0,0.0,0.0,0.0,0.0,0.125,0.5,0.0,0.0,0.0,0.125,0.0,0.0,0.0,0.0,0.0,0.0,0.0,0.0,0.125,0.0,0.0,0.0,0.375,0.125,0.0,0.25,0.0,0.0,0.25,0.125,0.0,0.125,0.625,0.125,0.125,0.75,0.0,0.25,0.0,0.5,0.0,0.25,0.0,0.0,0.25,0.5,0.0,0.0,0.0,0.0,0.125,0.0,0.125,0.375,0.625,0.0,0.0,0.0,0.75,0.25,0.0,0.0,0.0,1.0,0.0,0.0,0.375,0.0,0.0,0.0,0.5,0.0,0.25,0.25,0.5,0.125,0.0,0.25,0.125,0.125,0.25,0.25,0.25,0.125,0.0,0.0,0.0,1.0,0.0,0.0,0.0,0.625,0.375,0.0,0.0,0.25,0.75,0.0,0.0,0.375,0.375,0.25,0.0,0.0
備用金相當家庭開銷-超過9 個月,0.0,0.0,0.0,0.25,0.25,0.0,0.0,0.25,0.0,0.0,0.0,0.0,0.0,0.0,0.0,0.0,0.0,0.0,0.0,0.0,0.25,0.0,0.0,0.0,0.0,0.25,0.25,0.0,0.0,0.0,0.5,0.25,0.5,0.0,0.25,0.0,0.0,0.25,0.0,0.75,0.0,0.0,0.25,0.0,0.0,0.0,0.5,0.25,0.0,0.0,0.0,0.0,0.25,0.0,0.0,0.75,0.0,0.25,0.0,0.0,0.75,0.25,0.0,0.0,0.0,1.0,0.0,0.0,0.25,0.0,0.0,0.0,0.25,0.25,0.5,0.0,0.75,0.25,0.0,0.0,0.0,0.75,0.0,0.25,0.0,0.0,0.0,0.0,0.0,0.0,1.0,0.0,0.25,0.75,0.0,0.0,0.0,0.25,0.5,0.25,0.0,0.0,0.5,0.5,0.0,0.0
基金投資方式-不曾投資過,0.0,0.0,0.0,0.0,0.0,0.0,0.0,0.0,0.0,0.0,0.0,0.0,0.0,0.0,0.0,0.0,0.0,0.0,0.0,0.0,0.0,0.0,0.0,0.0,0.0,0.0,0.0,0.0,0.0,0.0,0.0,0.0,0.0,0.0,0.0,0.0,0.0,0.0,0.0,0.0,0.0,0.0,0.0,0.0,0.0,0.0,0.0,0.0,0.0,0.0,0.0,0.0,0.0,0.0,0.0,0.0,0.0,0.0,0.0,0.0,0.0,0.0,0.0,0.0,0.0,0.0,0.0,0.0,0.0,0.0,0.0,0.0,0.0,0.0,0.0,0.0,0.0,0.0,0.0,0.0,0.0,0.0,0.0,0.0,0.0,0.0,0.0,0.0,0.0,0.0,0.0,0.0,0.0,0.0,0.0,0.0,0.0,0.0,0.0,0.0,0.0,0.0,0.0,0.0,0.0,0.0
基金投資方式-只買過貨幣型基金,0.0,0.2,0.0,0.0,0.0,0.2,0.0,0.0,0.0,0.0,0.0,0.0,0.0,0.0,0.0,0.0,0.0,0.0,0.0,0.0,0.6,0.0,0.0,0.0,0.4,0.4,0.0,0.2,0.0,0.0,0.0,0.0,0.4,0.0,0.2,0.4,0.0,0.4,0.2,0.4,0.0,0.4,0.2,0.0,0.0,0.0,0.6,0.0,0.0,0.0,0.0,0.0,0.2,0.2,0.0,0.6,0.2,0.2,0.0,0.0,0.6,0.2,0.2,0.0,0.0,0.8,0.2,0.0,0.0,0.0,0.0,0.0,0.0,0.2,0.6,0.2,1.0,0.0,0.0,0.0,0.0,0.6,0.0,0.2,0.2,0.0,0.0,0.4,0.4,0.0,0.2,0.0,1.0,0.0,0.0,0.0,0.0,0.4,0.4,0.2,0.0,0.2,0.8,0.0,0.0,0.0
基金投資方式-定時定額,0.11842105263157894,0.013157894736842105,0.06578947368421052,0.18421052631578946,0.13157894736842105,0.06578947368421052,0.07894736842105263,0.14473684210526316,0.0,0.0,0.0,0.02631578947368421,0.013157894736842105,0.02631578947368421,0.0,0.0,0.0,0.0,0.0,0.013157894736842105,0.07894736842105263,0.0,0.013157894736842105,0.02631578947368421,0.42105263157894735,0.10526315789473684,0.06578947368421052,0.10526315789473684,0.02631578947368421,0.02631578947368421,0.25,0.13157894736842105,0.17105263157894737,0.13157894736842105,0.3815789473684211,0.18421052631578946,0.27631578947368424,0.4605263157894737,0.0,0.2894736842105263,0.0,0.2631578947368421,0.06578947368421052,0.34210526315789475,0.039473684210526314,0.0,0.631578947368421,0.15789473684210525,0.09210526315789473,0.039473684210526314,0.0,0.0,0.013157894736842105,0.039473684210526314,0.02631578947368421,0.2236842105263158,0.5526315789473685,0.2236842105263158,0.0,0.0,0.5131578947368421,0.4342105263157895,0.05263157894736842,0.0,0.0,0.9605263157894737,0.039473684210526314,0.0,0.06578947368421052,0.039473684210526314,0.02631578947368421,0.09210526315789473,0.07894736842105263,0.14473684210526316,0.32894736842105265,0.35526315789473684,0.618421052631579,0.09210526315789473,0.05263157894736842,0.21052631578947367,0.02631578947368421,0.19736842105263158,0.09210526315789473,0.23684210526315788,0.2894736842105263,0.18421052631578946,0.10526315789473684,0.40789473684210525,0.3815789473684211,0.06578947368421052,0.039473684210526314,0.0,0.0,1.0,0.0,0.0,0.05263157894736842,0.4605263157894737,0.32894736842105265,0.10526315789473684,0.05263157894736842,0.40789473684210525,0.3026315789473684,0.23684210526315788,0.039473684210526314,0.013157894736842105
基金投資方式-單筆(不含貨幣型基金)和定時定額兩者都有,0.05263157894736842,0.05263157894736842,0.05263157894736842,0.10526315789473684,0.2631578947368421,0.05263157894736842,0.0,0.15789473684210525,0.0,0.0,0.0,0.05263157894736842,0.0,0.0,0.0,0.0,0.0,0.0,0.0,0.10526315789473684,0.05263157894736842,0.0,0.0,0.05263157894736842,0.3157894736842105,0.2631578947368421,0.05263157894736842,0.10526315789473684,0.0,0.0,0.2631578947368421,0.10526315789473684,0.05263157894736842,0.10526315789473684,0.6842105263157895,0.05263157894736842,0.3157894736842105,0.42105263157894735,0.05263157894736842,0.3684210526315789,0.0,0.21052631578947367,0.21052631578947367,0.21052631578947367,0.0,0.0,0.5263157894736842,0.15789473684210525,0.15789473684210525,0.0,0.0,0.0,0.05263157894736842,0.0,0.10526315789473684,0.15789473684210525,0.7368421052631579,0.10526315789473684,0.0,0.0,0.7368421052631579,0.2631578947368421,0.0,0.0,0.0,0.9473684210526315,0.05263157894736842,0.0,0.05263157894736842,0.0,0.10526315789473684,0.10526315789473684,0.10526315789473684,0.15789473684210525,0.2631578947368421,0.3684210526315789,0.5789473684210527,0.05263157894736842,0.15789473684210525,0.15789473684210525,0.05263157894736842,0.2631578947368421,0.10526315789473684,0.2631578947368421,0.2631578947368421,0.10526315789473684,0.0,0.42105263157894735,0.42105263157894735,0.15789473684210525,0.0,0.0,0.0,0.0,1.0,0.0,0.0,0.5789473684210527,0.42105263157894735,0.0,0.0,0.3157894736842105,0.631578947368421,0.05263157894736842,0.0,0.0
基金投資方式-單筆或私募基金,0.0,0.0,0.0,0.0,0.0,0.0,0.0,1.0,0.0,0.0,0.0,0.0,0.0,0.0,0.0,0.0,0.0,0.0,0.0,0.0,0.0,0.0,0.0,0.0,0.0,1.0,0.0,0.0,0.0,0.0,0.0,0.0,0.0,1.0,0.0,0.0,1.0,0.0,0.0,0.0,0.0,1.0,0.0,0.0,0.0,0.0,0.0,0.0,1.0,0.0,0.0,0.0,0.0,0.0,0.0,0.0,1.0,0.0,0.0,0.0,0.0,1.0,0.0,0.0,0.0,1.0,0.0,0.0,0.0,0.0,0.0,0.0,0.0,1.0,0.0,0.0,1.0,0.0,0.0,0.0,0.0,0.0,0.0,1.0,0.0,0.0,0.0,0.0,1.0,0.0,0.0,0.0,0.0,0.0,0.0,1.0,0.0,0.0,1.0,0.0,0.0,0.0,0.0,1.0,0.0,0.0
期望投資報酬率-1%~2%,0.0,0.0,0.0,0.25,0.0,0.25,0.0,0.0,0.0,0.0,0.0,0.25,0.0,0.0,0.0,0.0,0.0,0.0,0.0,0.0,0.25,0.0,0.0,0.0,0.5,0.25,0.25,0.0,0.0,0.0,0.0,0.0,0.0,0.0,1.0,0.0,0.25,0.25,0.0,0.25,0.0,0.0,0.0,0.75,0.0,0.0,1.0,0.0,0.0,0.0,0.0,0.0,0.0,0.0,0.0,0.25,0.75,0.0,0.0,0.0,0.75,0.25,0.0,0.0,0.0,1.0,0.0,0.0,0.0,0.0,0.0,0.0,0.0,0.0,0.0,1.0,0.75,0.25,0.0,0.0,0.0,0.25,0.0,0.25,0.25,0.25,0.25,0.75,0.0,0.0,0.0,0.0,0.0,1.0,0.0,0.0,1.0,0.0,0.0,0.0,0.0,1.0,0.0,0.0,0.0,0.0
期望投資報酬率-3%~5%,0.14583333333333334,0.041666666666666664,0.08333333333333333,0.125,0.22916666666666666,0.10416666666666667,0.041666666666666664,0.0625,0.0,0.0,0.0,0.020833333333333332,0.0,0.020833333333333332,0.0,0.0,0.0,0.0,0.0,0.0,0.08333333333333333,0.0,0.0,0.041666666666666664,0.3958333333333333,0.16666666666666666,0.0625,0.125,0.020833333333333332,0.020833333333333332,0.20833333333333334,0.08333333333333333,0.16666666666666666,0.125,0.3958333333333333,0.22916666666666666,0.22916666666666666,0.5,0.020833333333333332,0.3333333333333333,0.0,0.1875,0.16666666666666666,0.2708333333333333,0.041666666666666664,0.0,0.7083333333333334,0.08333333333333333,0.125,0.020833333333333332,0.0,0.0,0.020833333333333332,0.020833333333333332,0.020833333333333332,0.16666666666666666,0.625,0.20833333333333334,0.0,0.0,0.5,0.4583333333333333,0.041666666666666664,0.0,0.0,0.9375,0.0625,0.0,0.0,0.0625,0.041666666666666664,0.041666666666666664,0.08333333333333333,0.08333333333333333,0.4375,0.3541666666666667,0.5416666666666666,0.020833333333333332,0.08333333333333333,0.2916666666666667,0.0625,0.20833333333333334,0.08333333333333333,0.20833333333333334,0.3125,0.1875,0.08333333333333333,0.4375,0.4166666666666667,0.041666666666666664,0.020833333333333332,0.0,0.041666666666666664,0.7291666666666666,0.22916666666666666,0.0,0.0,1.0,0.0,0.0,0.0,0.4375,0.4583333333333333,0.08333333333333333,0.020833333333333332,0.0
期望投資報酬率-6%~8%,0.05555555555555555,0.027777777777777776,0.05555555555555555,0.16666666666666666,0.05555555555555555,0.0,0.08333333333333333,0.3055555555555556,0.0,0.0,0.0,0.027777777777777776,0.027777777777777776,0.0,0.0,0.0,0.0,0.0,0.0,0.08333333333333333,0.08333333333333333,0.0,0.027777777777777776,0.0,0.3611111111111111,0.1111111111111111,0.027777777777777776,0.1111111111111111,0.027777777777777776,0.027777777777777776,0.3333333333333333,0.19444444444444445,0.1111111111111111,0.16666666666666666,0.4166666666666667,0.1111111111111111,0.25,0.4444444444444444,0.027777777777777776,0.3055555555555556,0.0,0.3333333333333333,0.05555555555555555,0.2777777777777778,0.027777777777777776,0.0,0.4166666666666667,0.2777777777777778,0.1111111111111111,0.027777777777777776,0.0,0.0,0.027777777777777776,0.05555555555555555,0.08333333333333333,0.25,0.5555555555555556,0.19444444444444445,0.0,0.0,0.5833333333333334,0.3888888888888889,0.027777777777777776,0.0,0.0,0.9444444444444444,0.05555555555555555,0.0,0.16666666666666666,0.0,0.05555555555555555,0.16666666666666666,0.1111111111111111,0.16666666666666666,0.2777777777777778,0.2777777777777778,0.6944444444444444,0.1388888888888889,0.05555555555555555,0.1111111111111111,0.0,0.2222222222222222,0.1111111111111111,0.3611111111111111,0.25,0.05555555555555555,0.027777777777777776,0.3055555555555556,0.4444444444444444,0.16666666666666666,0.05555555555555555,0.0,0.05555555555555555,0.6944444444444444,0.2222222222222222,0.027777777777777776,0.0,0.0,1.0,0.0,0.0,0.19444444444444445,0.3611111111111111,0.4444444444444444,0.0,0.0
期望投資報酬率-9%~12%,0.0,0.0,0.0,0.2222222222222222,0.2222222222222222,0.0,0.1111111111111111,0.1111111111111111,0.0,0.0,0.0,0.0,0.0,0.1111111111111111,0.0,0.0,0.0,0.0,0.0,0.0,0.1111111111111111,0.0,0.0,0.1111111111111111,0.5555555555555556,0.2222222222222222,0.0,0.1111111111111111,0.0,0.0,0.1111111111111111,0.1111111111111111,0.3333333333333333,0.1111111111111111,0.3333333333333333,0.1111111111111111,0.3333333333333333,0.4444444444444444,0.0,0.3333333333333333,0.0,0.2222222222222222,0.0,0.4444444444444444,0.0,0.0,0.5555555555555556,0.1111111111111111,0.1111111111111111,0.1111111111111111,0.0,0.0,0.1111111111111111,0.0,0.0,0.3333333333333333,0.3333333333333333,0.3333333333333333,0.0,0.0,0.5555555555555556,0.2222222222222222,0.2222222222222222,0.0,0.0,1.0,0.0,0.0,0.0,0.0,0.0,0.1111111111111111,0.0,0.6666666666666666,0.1111111111111111,0.1111111111111111,0.7777777777777778,0.1111111111111111,0.0,0.1111111111111111,0.0,0.3333333333333333,0.1111111111111111,0.1111111111111111,0.2222222222222222,0.2222222222222222,0.0,0.4444444444444444,0.4444444444444444,0.0,0.1111111111111111,0.0,0.1111111111111111,0.8888888888888888,0.0,0.0,0.0,0.0,0.0,1.0,0.0,0.2222222222222222,0.4444444444444444,0.0,0.2222222222222222,0.1111111111111111
期望投資報酬率-12%以上,0.25,0.0,0.0,0.25,0.0,0.25,0.0,0.0,0.0,0.0,0.0,0.0,0.0,0.0,0.0,0.0,0.0,0.0,0.0,0.0,0.25,0.0,0.0,0.0,0.25,0.25,0.25,0.0,0.0,0.0,0.25,0.0,0.25,0.0,0.5,0.25,1.0,0.0,0.0,0.0,0.0,1.0,0.0,0.0,0.0,0.0,0.75,0.0,0.0,0.0,0.0,0.0,0.0,0.25,0.0,0.5,0.5,0.0,0.0,0.0,0.75,0.25,0.0,0.0,0.0,1.0,0.0,0.0,0.0,0.0,0.0,0.0,0.0,0.0,0.25,0.75,0.75,0.0,0.25,0.0,0.0,0.25,0.0,0.0,0.25,0.5,0.5,0.5,0.0,0.0,0.0,0.0,0.0,1.0,0.0,0.0,0.0,0.0,0.0,0.0,1.0,1.0,0.0,0.0,0.0,0.0
最大投資損失-1%~2%,0.15789473684210525,0.0,0.05263157894736842,0.18421052631578946,0.10526315789473684,0.13157894736842105,0.0,0.07894736842105263,0.0,0.0,0.0,0.07894736842105263,0.0,0.0,0.0,0.0,0.0,0.0,0.0,0.02631578947368421,0.10526315789473684,0.0,0.0,0.07894736842105263,0.5,0.15789473684210525,0.13157894736842105,0.07894736842105263,0.0,0.0,0.13157894736842105,0.07894736842105263,0.13157894736842105,0.15789473684210525,0.4473684210526316,0.18421052631578946,0.3157894736842105,0.39473684210526316,0.0,0.3157894736842105,0.0,0.34210526315789475,0.05263157894736842,0.2631578947368421,0.02631578947368421,0.0,0.7894736842105263,0.07894736842105263,0.05263157894736842,0.0,0.0,0.0,0.0,0.02631578947368421,0.05263157894736842,0.2631578947368421,0.6052631578947368,0.13157894736842105,0.0,0.0,0.6052631578947368,0.39473684210526316,0.0,0.0,0.0,1.0,0.0,0.0,0.02631578947368421,0.05263157894736842,0.0,0.02631578947368421,0.05263157894736842,0.10526315789473684,0.3157894736842105,0.5,0.6052631578947368,0.07894736842105263,0.13157894736842105,0.18421052631578946,0.0,0.21052631578947367,0.02631578947368421,0.2631578947368421,0.2631578947368421,0.23684210526315788,0.15789473684210525,0.5,0.2631578947368421,0.07894736842105263,0.0,0.0,0.02631578947368421,0.8157894736842105,0.15789473684210525,0.0,0.10526315789473684,0.5526315789473685,0.18421052631578946,0.05263157894736842,0.10526315789473684,1.0,0.0,0.0,0.0,0.0
最大投資損失-3%~5%,0.07692307692307693,0.05128205128205128,0.05128205128205128,0.1794871794871795,0.23076923076923078,0.02564102564102564,0.05128205128205128,0.1282051282051282,0.0,0.0,0.0,0.0,0.0,0.05128205128205128,0.0,0.0,0.0,0.0,0.0,0.02564102564102564,0.1282051282051282,0.0,0.0,0.0,0.38461538461538464,0.20512820512820512,0.0,0.1282051282051282,0.0,0.02564102564102564,0.2564102564102564,0.05128205128205128,0.1794871794871795,0.05128205128205128,0.5128205128205128,0.20512820512820512,0.28205128205128205,0.5128205128205128,0.05128205128205128,0.20512820512820512,0.0,0.28205128205128205,0.15384615384615385,0.3333333333333333,0.02564102564102564,0.0,0.5641025641025641,0.1794871794871795,0.1282051282051282,0.0,0.0,0.0,0.05128205128205128,0.05128205128205128,0.02564102564102564,0.20512820512820512,0.5897435897435898,0.20512820512820512,0.0,0.0,0.5641025641025641,0.38461538461538464,0.05128205128205128,0.0,0.0,0.8974358974358975,0.10256410256410256,0.0,0.05128205128205128,0.0,0.07692307692307693,0.10256410256410256,0.05128205128205128,0.1794871794871795,0.3333333333333333,0.3333333333333333,0.6923076923076923,0.0,0.05128205128205128,0.23076923076923078,0.02564102564102564,0.20512820512820512,0.07692307692307693,0.20512820512820512,0.358974358974359,0.15384615384615385,0.05128205128205128,0.41025641025641024,0.41025641025641024,0.07692307692307693,0.05128205128205128,0.0,0.10256410256410256,0.5897435897435898,0.3076923076923077,0.0,0.0,0.5641025641025641,0.3333333333333333,0.10256410256410256,0.0,0.0,1.0,0.0,0.0,0.0
最大投資損失-6%~8%,0.05,0.05,0.1,0.1,0.05,0.05,0.1,0.3,0.0,0.0,0.0,0.0,0.05,0.0,0.0,0.0,0.0,0.0,0.0,0.05,0.05,0.0,0.05,0.0,0.2,0.1,0.05,0.15,0.1,0.05,0.35,0.25,0.15,0.25,0.25,0.1,0.2,0.45,0.0,0.45,0.0,0.15,0.05,0.3,0.05,0.0,0.4,0.2,0.2,0.05,0.0,0.0,0.05,0.05,0.05,0.2,0.55,0.25,0.0,0.0,0.45,0.45,0.1,0.0,0.0,0.95,0.05,0.0,0.15,0.05,0.05,0.1,0.2,0.2,0.35,0.15,0.6,0.2,0.0,0.1,0.1,0.25,0.2,0.35,0.15,0.05,0.0,0.2,0.6,0.1,0.1,0.0,0.0,0.9,0.05,0.05,0.0,0.2,0.8,0.0,0.0,0.0,0.0,1.0,0.0,0.0
最大投資損失-9%~12%,0.0,0.0,0.0,0.0,0.3333333333333333,0.0,0.3333333333333333,0.3333333333333333,0.0,0.0,0.0,0.0,0.0,0.0,0.0,0.0,0.0,0.0,0.0,0.0,0.0,0.0,0.0,0.0,0.6666666666666666,0.0,0.0,0.0,0.0,0.0,0.3333333333333333,0.3333333333333333,0.3333333333333333,0.0,0.3333333333333333,0.0,0.0,0.3333333333333333,0.0,0.6666666666666666,0.0,0.0,0.3333333333333333,0.0,0.0,0.0,0.3333333333333333,0.3333333333333333,0.0,0.3333333333333333,0.0,0.0,0.0,0.0,0.0,0.3333333333333333,0.3333333333333333,0.3333333333333333,0.0,0.0,0.6666666666666666,0.3333333333333333,0.0,0.0,0.0,1.0,0.0,0.0,0.0,0.0,0.0,0.3333333333333333,0.0,0.3333333333333333,0.3333333333333333,0.0,0.6666666666666666,0.0,0.0,0.3333333333333333,0.0,0.6666666666666666,0.0,0.0,0.3333333333333333,0.0,0.0,0.6666666666666666,0.3333333333333333,0.0,0.0,0.0,0.0,1.0,0.0,0.0,0.0,0.3333333333333333,0.0,0.6666666666666666,0.0,0.0,0.0,0.0,1.0,0.0
最大投資損失-12%以上,0.0,0.0,0.0,0.0,0.0,0.0,1.0,0.0,0.0,0.0,0.0,0.0,0.0,0.0,0.0,0.0,0.0,0.0,0.0,0.0,0.0,0.0,0.0,0.0,0.0,0.0,0.0,0.0,0.0,0.0,1.0,1.0,0.0,0.0,0.0,0.0,1.0,0.0,0.0,0.0,0.0,0.0,0.0,1.0,0.0,0.0,0.0,0.0,0.0,1.0,0.0,0.0,0.0,0.0,0.0,0.0,0.0,1.0,0.0,0.0,0.0,0.0,1.0,0.0,0.0,1.0,0.0,0.0,0.0,0.0,0.0,1.0,0.0,0.0,0.0,0.0,0.0,1.0,0.0,0.0,0.0,0.0,1.0,0.0,0.0,0.0,0.0,0.0,1.0,0.0,0.0,0.0,0.0,1.0,0.0,0.0,0.0,0.0,0.0,1.0,0.0,0.0,0.0,0.0,0.0,1.0
